n,z,protonSeparationEnergy(keV)
1,1,2224.5662
1,2,5493.4751
2,2,19813.8661
3,2,20678.8661
4,2,22589.323
5,2,23091.5681
6,2,24814
1,3,-3102.9999
2,3,-1964.9999
3,3,4433.3246
4,3,9973.9616
5,3,12416.2941
6,3,13943.7489
7,3,15172.1698
8,3,15757.8592
1,4,-4527
2,4,592.8241
3,4,5606.8539
4,4,17254.404
5,4,16886.3247
6,4,19636.3895
7,4,20164.4299
8,4,22939.4682
9,4,22639.4682
10,4,24315.3634
1,5,-2892
2,5,-2012.5479
3,5,136.3997
4,5,-185.8431
5,5,6586.8113
6,5,11228.7495
7,5,14096.742
8,5,15804.7845
9,5,17284.3647
10,5,18286.0941
11,5,20003.0929
12,5,21019.788
2,6,-98.7453
3,6,1299.5688
4,6,4006.784
5,6,8690.1847
6,6,15956.6792
7,6,17533.3596
8,6,20831.0258
9,6,21079.5118
10,6,22552.2174
11,6,23368.7903
12,6,26086.0271
13,6,26667.8564
14,6,29555.6549
15,6,31047
16,6,32060.6549
3,7,-2600.0851
4,7,-1377.9999
5,7,600.3
6,7,1943.49
7,7,7550.5636
8,7,10207.4263
9,7,11478.209
10,7,13113.0255
11,7,15207.6831
12,7,16351.9817
13,7,17936.2277
14,7,19560.6224
15,7,21167
16,7,24179.745
17,7,24522
3,8,-1649.9147
4,8,-358.7199
5,8,1511.6075
6,8,4626.671
7,8,7296.7657
8,8,12127.4113
9,8,13781.6425
10,8,15941.8662
11,8,17069.2807
12,8,19349.0544
13,8,20993.4351
14,8,23237.8544
15,8,24432.405
16,8,25508.9957
17,8,26898
18,8,28611
4,9,-2728
5,9,-1559.9999
6,9,-1269.9999
7,9,-530.5885
8,9,600.2676
9,9,5607.0944
10,9,7993.5998
11,9,10639.2921
12,9,11132.748
13,9,12557.629
14,9,13286.7398
15,9,14365.8258
16,9,14455.2086
17,9,15943.3462
18,9,16816.5337
19,9,18555
20,9,19219
5,10,-961.9999
6,10,-131.0518
7,10,1463.7009
8,10,3923.055
9,10,6410.03
10,10,12843.4581
11,10,13003.2842
12,10,15266.0816
13,10,15236.3919
14,10,16525.8769
15,10,16868.9899
16,10,18142.0243
17,10,18912.7161
18,10,21122.7109
19,10,22292.9641
20,10,24159.0415
21,10,25068
22,10,27133
6,11,-3443.8336
7,11,-1248.5688
8,11,-322.7961
9,11,2190.5361
10,11,2431.8963
11,11,6738.5862
12,11,8794.1088
13,11,10552.8268
14,11,10695.1423
15,11,12114.2485
16,11,13287.8752
17,11,15328.1963
18,11,15908.7153
19,11,17214.1043
20,11,18323.0595
21,11,19830.4134
22,11,20508
23,11,21739
24,11,22299
7,12,488.5689
8,12,2740.6616
9,12,3235.6089
10,12,5504.1
11,12,7581.2541
12,12,11692.6957
13,12,12063.8523
14,12,14145.701
15,12,15014.7848
16,12,16791.1261
17,12,16913.0158
18,12,18850.3374
19,12,18885.7927
20,12,20363.9032
21,12,20966.2497
22,12,22745.7599
23,12,23329.2995
24,12,24740
25,12,24980
26,12,26349
27,12,26419
28,12,27716
8,13,-2323
9,13,-9
10,13,140.9136
11,13,1864.1087
12,13,2271.3669
13,13,6306.3285
14,13,8271.2911
15,13,9553.0964
16,13,10476.7878
17,13,12540.7276
18,13,13358.3073
19,13,15266.1876
20,13,14957.4524
21,13,15249.4627
22,13,15836.0248
23,13,16978.3727
24,13,17859.5661
25,13,19031
26,13,19873
27,13,21244
28,13,22249
29,13,23399
8,14,739
9,14,1541
10,14,3291.8566
11,14,3412.8372
12,14,5514.0004
13,14,7463.3369
14,14,11584.9046
15,14,12333.3331
16,14,13514.1712
17,14,14373.8919
18,14,16415.9515
19,14,16703.9307
20,14,18783.273
21,14,18682.8324
22,14,19501.3667
23,14,19810.8675
24,14,21268.8346
25,14,21438
26,14,23112
27,14,22909
28,14,25040
29,14,24949
30,14,26249
9,15,-2781
10,15,-2156
11,15,143
12,15,807.0001
13,15,2052.3222
14,15,2749.023
15,15,5594.7454
16,15,7296.5531
17,15,8644.81
18,15,9548.6323
19,15,11323.3446
20,15,12155.0962
21,15,13148.5357
22,15,13848.8581
23,15,15339.0237
24,15,15893.3076
25,15,17748.5122
26,15,17935.6145
27,15,19397
28,15,19088
29,15,20509
30,15,20639
31,15,21539
10,16,-201
11,16,771
12,16,2556.7359
13,16,3235.538
14,16,4395.3764
15,16,6130.6466
16,16,8863.9638
17,16,9569.953
18,16,10883.3101
19,16,11586.4793
20,16,13095.3028
21,16,13934.3523
22,16,15154.1746
23,16,15830.078
24,16,17352.1851
25,16,18158.3617
26,16,19946.9513
27,16,20576.2738
28,16,21534
29,16,21739
30,16,22609
31,16,22929
32,16,23709
11,17,-3490
12,17,-2660
13,17,-479.9999
14,17,264.2691
15,17,1581.1455
16,17,2276.774
17,17,5143.1985
18,17,6370.8132
19,17,7964.7692
20,17,8386.3819
21,17,10190.6611
22,17,10227.9731
23,17,11684.1178
24,17,11758.313
25,17,13112.1609
26,17,13810.7339
27,17,15572.484
28,17,16347.2794
29,17,17684
30,17,17509
31,17,18770
32,17,18939
33,17,19980
11,18,-2410
12,18,-760
13,18,638
14,18,2454.7709
15,18,3338.5601
16,18,4663.9237
17,18,5896.174
18,18,8506.9817
19,18,8714.6419
20,18,10242.2461
21,18,10733.0505
22,18,12528.6531
23,18,12798.6622
24,18,14404.4575
25,18,14467.012
26,18,15802.7209
27,18,16580.7989
28,18,18797.6815
29,18,18921.2963
30,18,20063
31,18,20069
32,18,21259
33,18,21478
34,18,22959
35,18,22858
12,19,-4900
13,19,-3375
14,19,-2452
15,19,-875
16,19,83.5716
17,19,1658.8639
18,19,1857.6301
19,19,5142.0519
20,19,6381.3397
21,19,7582.2725
22,19,7808.6199
23,19,9243.4922
24,19,9441.6874
25,19,11060.6581
26,19,11231.3543
27,19,12932.0993
28,19,13229.6979
29,19,14206.1791
30,19,14545.5398
31,19,15957
32,19,16574
33,19,17937
34,19,18205
35,19,19230
36,19,19379
13,20,-1751
14,20,-61
15,20,878
16,20,2567.2439
17,20,3007.8594
18,20,4547.2731
19,20,5770.918
20,20,8328.1776
21,20,8891.3824
22,20,10276.7156
23,20,10675.813
24,20,12182.3064
25,20,12319.7036
26,20,13812.9373
27,20,14219.7071
28,20,15801.8571
29,20,16304.4917
30,20,17266.7054
31,20,17893.428
32,20,19039.7859
33,20,19539.05
34,20,20153.8361
35,20,20789
36,20,21270
37,20,21829
38,20,22949
39,20,23409
40,20,25039
14,21,-4921
15,21,-3671
16,21,-2942
17,21,-1598
18,21,-596.8061
19,21,529.6171
20,21,1084.9291
21,21,4272.0659
22,21,4929.8277
23,21,6696.1334
24,21,6892.5626
25,21,8238.384
26,21,8486.2038
27,21,9448.3888
28,21,9626.5504
29,21,10526.0889
30,21,10950.0938
31,21,11480.2219
32,21,11792.2541
33,21,12339.1971
34,21,12970.4917
35,21,14154.4446
36,21,15158.2332
37,21,16209
38,21,16588
39,21,17649
40,21,17789
41,21,18989
15,22,-1731
16,22,-301
17,22,539
18,22,2109.6836
19,22,2463.1571
20,22,3750.9644
21,22,4483.559
22,22,8649.4073
23,22,8483.2023
24,22,10344.919
25,22,10464.9397
26,22,11445.0803
27,22,11348.9001
28,22,12158.3913
29,22,12484.8157
30,22,13516.3159
31,22,13646.8437
32,22,14263.2289
33,22,14683.5062
34,22,15869.8586
35,22,16174.971
36,22,16826.9869
37,22,17689
38,22,18559.1182
39,22,19109
40,22,19989
41,22,20459
42,22,21839
16,23,-3911
17,23,-2681
18,23,-2015
19,23,-789
20,23,100.9753
21,23,1781.4593
22,23,1626.8264
23,23,5354.6018
24,23,5167.7715
25,23,6829.3642
26,23,6758.1761
27,23,7948.1988
28,23,8060.209
29,23,8999.0377
30,23,9662.9484
31,23,10305.8052
32,23,10670.2947
33,23,11639.9029
34,23,12301.0388
35,23,13317.7063
36,23,13981.9196
37,23,14497
38,23,15366.3948
39,23,16132
40,23,16829
41,23,17749
42,23,17919
43,23,18799
17,24,-651
18,24,539
19,24,1639
20,24,2794.512
21,24,2995.6935
22,24,4874.1001
23,24,4776.1669
24,24,8103.2146
25,24,8143.3181
26,24,9588.1783
27,24,9516.4456
28,24,10505.3737
29,24,11133.5569
30,24,12372.6752
31,24,12501.0275
32,24,13448.9626
33,24,13630.5551
34,24,14845.7155
35,24,14974.3182
36,24,16586.8543
37,24,16698.0714
38,24,17964.4611
39,24,18254.107
40,24,19188.8082
41,24,19279
42,24,20319
43,24,20259
44,24,21235
18,25,-3021
19,25,-2141
20,25,-1153
21,25,191.9175
22,25,383.7767
23,25,2022.5222
24,25,2087.5834
25,25,4583.5055
26,25,5270.8323
27,25,6549.6431
28,25,6559.8128
29,25,7559.6001
30,25,8066.134
31,25,9090.3133
32,25,9490.1227
33,25,10591.5547
34,25,10822.4919
35,25,12140.9862
36,25,12122.6005
37,25,13316.4337
38,25,13323.4203
39,25,14099.7119
40,25,14616.3372
41,25,15729
42,25,15729
43,25,16939
44,25,16959
45,25,18109
46,25,18268
19,26,341
20,26,1099
21,26,2001
22,26,2731.1704
23,26,2743.0569
24,26,4145.5053
25,26,4851.2699
26,26,7377.8411
27,26,7525.0678
28,26,8853.2367
29,26,9212.1461
30,26,10183.5922
31,26,10559.3218
32,26,11957.9628
33,26,12126.3603
34,26,13176.8168
35,26,13241.5278
36,26,14424.898
37,26,14400.6356
38,26,15371.4624
39,26,15517.8325
40,26,16389.4735
41,26,16246.9944
42,26,17605
43,26,17568
44,26,18819
45,26,18769
46,26,19919
47,26,20109
48,26,21248
20,27,-2121
21,27,-1570
22,27,-940
23,27,127.6444
24,27,154.6577
25,27,1443.7644
26,27,1616.2517
27,27,4351.5554
28,27,5064.3519
29,27,5848.0672
30,27,6027.4657
31,27,6954.2468
32,27,7363.538
33,27,8274.451
34,27,8773.9755
35,27,9792.8677
36,27,10262.4674
37,27,11445.7837
38,27,11504.6245
39,27,12479.6104
40,27,12542.9079
41,27,13223.146
42,27,13778
43,27,14615
44,27,14769
45,27,15659
46,27,16009
47,27,16840
48,27,17190
49,27,18249
50,27,18608
20,28,-269
21,28,489
22,28,969
23,28,1350
24,28,2506.6803
25,28,2575.8198
26,28,3907.9069
27,28,4614.8647
28,28,7166.6237
29,28,7332.4141
30,28,8172.1845
31,28,8598.5116
32,28,9532.3764
33,28,9860.5625
34,28,11137.2322
35,28,11377.4632
36,28,12536.4519
37,28,12622.3258
38,28,14110.059
39,28,14623.1182
40,28,15431.0101
41,28,15625.0364
42,28,16117.3918
43,28,16170.2433
44,28,17145.1091
45,28,17097
46,28,18020
47,28,17989
48,28,18919
49,28,18979
50,28,20259
51,28,20129
23,29,-2481
24,29,-2131
25,29,-1102
26,29,-353.938
27,29,582.7424
28,29,690.3364
29,29,2872.8611
30,29,3418.5541
31,29,4477.4003
32,29,4799.7904
33,29,5854.4853
34,29,6122.3996
35,29,7200.4978
36,29,7453.6145
37,29,8421.4637
38,29,8602.2313
39,29,9113.3258
40,29,9561.3696
41,29,10286.6958
42,29,10786.2372
43,29,11665.7418
44,29,12050.3476
45,29,13187.0245
46,29,13059
47,29,14030
48,29,13962
49,29,14728
50,29,14817
51,29,15808
52,29,15959
53,29,16929
54,29,16960
24,30,-149
25,30,319
26,30,1043
27,30,1209
28,30,2278.8281
29,30,2836.7985
30,30,5104.9868
31,30,5292.6149
32,30,6472.9969
33,30,6714.8569
34,30,7713.1206
35,30,7776.5774
36,30,8924.5225
37,30,8911.0581
38,30,9976.572
39,30,10139.8344
40,30,11117.4982
41,30,11641.3766
42,30,12723.3312
43,30,13099.3754
44,30,14058.2465
45,30,13841.6746
46,30,15121.7756
47,30,15096.5466
48,30,15909.3852
49,30,15931.7987
50,30,16529.5514
51,30,16809
52,30,17693
53,30,17849
54,30,18729
55,30,18669
25,31,-3141
26,31,-2691
27,31,-1721
28,31,-1250
29,31,-336
30,31,249.1633
31,31,2927.0868
32,31,2667.9823
33,31,3908.3687
34,31,3942.4398
35,31,5100.6752
36,31,5268.8984
37,31,6494.6493
38,31,6609.6363
39,31,7781.2149
40,31,7863.3497
41,31,8548.4688
42,31,8842.82
43,31,9745.1864
44,31,9992.89
45,31,11026.703
46,31,10978.2997
47,31,12203.8534
48,31,12354.0843
49,31,13080.3438
50,31,13268.3135
51,31,14020.0273
52,31,14232.1394
53,31,15093
54,31,15203
55,31,15949
56,31,16097
26,32,-541
27,32,119
28,32,1059
29,32,1489
30,32,2294
31,32,2223.1702
32,32,5057.3743
33,32,4934.3678
34,32,6238.5253
35,32,6238.9604
36,32,7388.6139
37,32,7303.5908
38,32,8523.1877
39,32,8285.4778
40,32,9735.7546
41,32,9998.2196
42,32,11012.0785
43,32,11096.3179
44,32,12041.23
45,32,12205.1931
46,32,13158.6768
47,32,13112.0653
48,32,14275.93
49,32,14356.9916
50,32,15076.0846
51,32,15334.6878
52,32,16180.2777
53,32,16318.2615
54,32,16944.8389
55,32,17119
56,32,17939
57,32,17939
27,33,-3441
28,33,-3041
29,33,-2081
30,33,-1351
31,33,-100
32,33,-89.4755
33,33,2835.8314
34,33,2269.1625
35,33,3509.7804
36,33,3422.3537
37,33,4522.2702
38,33,4620.1916
39,33,5612.1225
40,33,5655.8174
41,33,6851.5024
42,33,6900.7231
43,33,7723.3819
44,33,7992.4072
45,33,8893.0706
46,33,9062.9938
47,33,9976.3926
48,33,10286.9708
49,33,11102.7033
50,33,11543.2274
51,33,12166.097
52,33,12329.6879
53,33,13127.6939
54,33,13506.9579
55,33,14148
56,33,14299
57,33,15239
58,33,15318
29,34,-281
30,34,648
31,34,776
32,34,2012
33,34,1844.1815
34,34,4891.1877
35,34,4829.1579
36,34,6106.6893
37,34,6101.5126
38,34,7263.9031
39,34,7286.559
40,34,8549.425
41,34,8598.3963
42,34,9506.7274
43,34,9597.0844
44,34,10398.5884
45,34,10389.4673
46,34,11412.3774
47,34,11463.389
48,34,12349.5521
49,34,12524.0868
50,34,13567.3702
51,34,13849.0479
52,34,14602.9943
53,34,14752.9542
54,34,15555.2607
55,34,15832
56,34,16559
57,34,16879
58,34,17513
59,34,17769
30,35,-3080
31,35,-2161
32,35,-1842
33,35,-500
34,35,-640.9999
35,35,2279.8837
36,35,1861.4979
37,35,3204.2067
38,35,3066.5688
39,35,4349.7363
40,35,4182.7802
41,35,5408.5603
42,35,5271.8295
43,35,6141.6421
44,35,6331.0869
45,35,7260.5302
46,35,7506.5346
47,35,8398.6286
48,35,8708.7972
49,35,9731.5223
50,35,9916.719
51,35,10507.5873
52,35,10677.4812
53,35,11578.8056
54,35,11679.0392
55,35,12296.8788
56,35,12596.0497
57,35,12941.6538
58,35,13455
59,35,14079
60,35,14336
61,35,15039
31,36,-729
32,36,386
33,36,638
34,36,2130
35,36,2190.5551
36,36,4727.1267
37,36,4778.9786
38,36,5975.0285
39,36,6324.4414
40,36,7195.6574
41,36,7169.3442
42,36,8232.4366
43,36,8279.0927
44,36,9114.3586
45,36,9096.1452
46,36,9903.7154
47,36,9780.9378
48,36,10714.5952
49,36,10986.2174
50,36,11979.1686
51,36,12366.2407
52,36,13088.5812
53,36,13108.7983
54,36,13973.9591
55,36,14262.6387
56,36,14950.9983
57,36,15192.161
58,36,15746.5158
59,36,15798
60,36,16521
61,36,16503
62,36,17409
63,36,17639
34,37,-1521
35,37,-708
36,37,-639.9999
37,37,2653.2291
38,37,2175.8288
39,37,3444.4281
40,37,3105.765
41,37,4054.9469
42,37,3913.466
43,37,5022.1579
44,37,4852.2198
45,37,5780.5847
46,37,5767.8154
47,37,7057.3023
48,37,7016.9664
49,37,8555.633
50,37,8621.0967
51,37,9188.4447
52,37,9310.0743
53,37,10118.7493
54,37,10074.7602
55,37,11087.4469
56,37,11139.5426
57,37,11715.7599
58,37,11831.4984
59,37,12484.4016
60,37,12726.434
61,37,14234.6249
62,37,14290
63,37,15155
64,37,15386
65,37,15961
35,38,909
36,38,2105
37,38,1991.6568
38,38,4317.9148
39,38,4613.3256
40,38,5632.4206
41,38,5833.2079
42,38,6797.6603
43,38,6641.6288
44,38,7842.3297
45,38,7898.7739
46,38,8867.9119
47,38,8633.2862
48,38,9644.7302
49,38,9422.0449
50,38,10612.7983
51,38,10888.993
52,38,11527.5172
53,38,11575.3479
54,38,12411.2932
55,38,12602.3651
56,38,13514.7918
57,38,13843.4642
58,38,14316.9118
59,38,14515.2942
60,38,15192.215
61,38,15438.3454
62,38,15985.3256
63,38,16348.0013
64,38,16880.8648
65,38,17317
66,38,17888
67,38,18029
36,39,-1719
37,39,-1080
38,39,-520
39,39,1659
40,39,1917.9567
41,39,2957.4693
42,39,2690.4222
43,39,3824.9343
44,39,3484.5807
45,39,4385.7948
46,39,4481.5221
47,39,5468.7812
48,39,5784.2583
49,39,6707.9234
50,39,7078.5445
51,39,7576.8569
52,39,7689.3472
53,39,8453.5159
54,39,8648.7557
55,39,9554.6001
56,39,9651.1874
57,39,10501.6726
58,39,10486.1779
59,39,10997.0446
60,39,11510.313
61,39,12091.6854
62,39,12526.2531
63,39,13136.6979
64,39,13586.6934
65,39,14089
66,39,14099
67,39,14889
68,39,14959
69,39,15819
37,40,639
38,40,1700
39,40,1886
40,40,4246
41,40,3665.2269
42,40,5190.1157
43,40,5136.5332
44,40,6504.9912
45,40,6569.7279
46,40,7415.8632
47,40,7353.0178
48,40,7899.4578
49,40,7867.916
50,40,8350.3161
51,40,8687.6508
52,40,9396.6739
53,40,9594.5043
54,40,10331.1472
55,40,10597.4387
56,40,11519.8939
57,40,11895.6781
58,40,12455.2738
59,40,12616.8936
60,40,13017.9766
61,40,13128.7168
62,40,13815.6114
63,40,13925.3233
64,40,14549.5974
65,40,14667
66,40,15468
67,40,15519
68,40,16269
69,40,16239
70,40,17029
38,41,-1910
39,41,-1061
40,41,-1110
41,41,1574
42,41,1287.8181
43,41,2571.154
44,41,2146.9631
45,41,3247.8357
46,41,3194.4405
47,41,4113.3796
48,41,4285.8519
49,41,5072.5281
50,41,5154.4514
51,41,5846.6694
52,41,6042.7872
53,41,6536.0065
54,41,6805.9111
55,41,7231.8611
56,41,7452.9078
57,41,7876.8903
58,41,8342.5574
59,41,9463.5466
60,41,9807.723
61,41,10426.2491
62,41,10736.2117
63,41,11290.9741
64,41,11486.8577
65,41,12033.3756
66,41,12263
67,41,12814
68,41,13029
69,41,13869
70,41,14029
71,41,14879
72,41,15079
73,41,15909
39,42,329
40,42,1299
41,42,1819
42,42,3846
43,42,3604.8889
44,42,5120.214
45,42,5039.7275
46,42,6101.0311
47,42,6132.3601
48,42,6835.7307
49,42,6836.2744
50,42,7459.5306
51,42,7642.7597
52,42,8490.2105
53,42,8631.7804
54,42,9297.5889
55,42,9230.8411
56,42,9802.1547
57,42,9734.465
58,42,11146.6559
59,42,11017.6769
60,42,11958.3488
61,42,11945.0376
62,42,12604.0513
63,42,12808.7621
64,42,13501.4276
65,42,13631.2677
66,42,14314.464
67,42,14403.0581
68,42,15134.986
69,42,14918.8702
70,42,15808
71,42,15869
72,42,16759
73,42,16879
74,42,17619
75,42,17748
40,43,-1761
41,43,-1351
42,43,-1031
43,43,1350
44,43,868.0955
45,43,2074.4554
46,43,1997.2747
47,43,2998.7231
48,43,3103.1142
49,43,4005.8399
50,43,4086.5001
51,43,4640.2238
52,43,4896.2466
53,43,5398.7469
54,43,5718.5182
55,43,6176.4845
56,43,6500.86
57,43,7339.816
58,43,7440.535
59,43,8341.9408
60,43,8332.0257
61,43,8833.6086
62,43,9231.5267
63,43,9734.436
64,43,9910.9349
65,43,10666.8267
66,43,10822.5021
67,43,11664.25
68,43,11777.832
69,43,12608.0896
70,43,12621
71,43,13239
72,43,13405
73,43,13953
74,43,14218
75,43,14890
76,43,15088
77,43,15709
41,44,219
42,44,1209
43,44,1449
44,44,3939
45,44,3988.0935
46,44,4777.9155
47,44,4804.1076
48,44,5603.5245
49,44,5579.9913
50,44,6266.4572
51,44,6588.3981
52,44,7348.0013
53,44,7587.8871
54,44,8289.406
55,44,8482.142
56,44,9188.4931
57,44,9226.1326
58,44,10050.8132
59,44,9983.2173
60,44,10780.8143
61,44,10724.545
62,44,11325.9202
63,44,11375.284
64,44,12200.4082
65,44,12104.5958
66,44,13078.7716
67,44,13039.7329
68,44,13895.1685
69,44,13897.8551
70,44,14698.6353
71,44,14793.9726
72,44,15561
73,44,15565
74,44,16149
75,44,16079
76,44,16840
77,44,16909
78,44,17529
79,44,17534
43,45,-1581
44,45,-1400
45,45,553
46,45,975
47,45,2048.2336
48,45,1999.5699
49,45,2979.8712
50,45,3045.9853
51,45,3518.9445
52,45,3806.1502
53,45,4343.6253
54,45,4648.6213
55,45,5254.7162
56,45,5474.0078
57,45,6114.1745
58,45,6214.2417
59,45,6981.1474
60,45,7044.4777
61,45,7717.0845
62,45,7829.4297
63,45,8457.5613
64,45,8626.818
65,45,9379.2087
66,45,9520.2131
67,45,10234.6975
68,45,10425.0419
69,45,11131.4302
70,45,11296.9863
71,45,11919.4179
72,45,12116.8123
73,45,12685.9397
74,45,13112
75,45,13829
76,45,13819
77,45,14548
78,45,14699
79,45,15449
80,45,15529
81,45,16120
44,46,1348
45,46,1825
46,46,3499
47,46,3271.6854
48,46,4379.442
49,46,4347.2606
50,46,5131.7742
51,46,5407.0913
52,46,6012.3923
53,46,6296.6139
54,46,6917.1217
55,46,7129.9857
56,46,7779.5061
57,46,7962.6352
58,46,8652.3885
59,46,8747.5319
60,46,9345.2439
61,46,9298.9686
62,46,9949.4752
63,46,9864.2991
64,46,10620.6245
65,46,10446.1646
66,46,11306.1394
67,46,11148.4188
68,46,12012.3738
69,46,12004.5179
70,46,12890.7692
71,46,12977.1183
72,46,13780.5705
73,46,13809.4086
74,46,14745.7732
75,46,14851
76,46,15655.0055
77,46,15839
78,46,16499
79,46,16539
80,46,17249
81,46,17309
82,46,17949
83,46,17829
45,47,-1351
46,47,-1091
47,47,709
48,47,1093
49,47,1834.7036
50,47,2009.5785
51,47,2549.5433
52,47,2680.4685
53,47,3244.0791
54,47,3410.6828
55,47,4103.5279
56,47,4188.7104
57,47,4948.4608
58,47,4964.6966
59,47,5813.4657
60,47,5788.1278
61,47,6523.1087
62,47,6484.1864
63,47,7139.7935
64,47,7173.5137
65,47,7886.8138
66,47,7994.7566
67,47,8629.2821
68,47,8781.2113
69,47,9405.8131
70,47,9639.8627
71,47,10418.8836
72,47,10546.372
73,47,11533.2058
74,47,11412.1977
75,47,12212.7517
76,47,12241.3829
77,47,13089.1733
78,47,13409
79,47,14050
80,47,14148
81,47,14779
82,47,14769
83,47,15307
84,47,15309
85,47,15949
46,48,1329
47,48,1943
48,48,2955
49,48,3511.3526
50,48,4021.3688
51,48,4153.6782
52,48,4771.0836
53,48,4987.4673
54,48,5614.2885
55,48,5693.8958
56,48,6454.66
57,48,6506.3505
58,48,7350.2755
59,48,7336.8971
60,48,8134.6941
61,48,8186.51
62,48,8917.5099
63,48,9083.9119
64,48,9648.3813
65,48,9748.5284
66,48,10277.0801
67,48,10442.6401
68,48,11018.8732
69,48,11164.704
70,48,11808.7021
71,48,11712.1075
72,48,12600.5777
73,48,12711.2958
74,48,13498.5245
75,48,13597.0363
76,48,14419.8268
77,48,14407.1105
78,48,15024.7591
79,48,15310
80,48,15878
81,48,15701
82,48,16536
83,48,16603
84,48,17004
85,48,17029
86,48,17669
47,49,-1677
48,49,-893
49,49,461
50,49,1029
51,49,1535.9854
52,49,1639.277
53,49,2147.4011
54,49,2261.6666
55,49,2820.0194
56,49,2961.1619
57,49,3563.2713
58,49,3723.4852
59,49,4418.4738
60,49,4526.0742
61,49,5254.6101
62,49,5333.0514
63,49,6026.8508
64,49,6081.2372
65,49,6815.4918
66,49,6810.3937
67,49,7454.2498
68,49,7519.5173
69,49,8098.7507
70,49,8285.9804
71,49,9039.7732
72,49,9166.1987
73,49,9786.4953
74,49,10105.6205
75,49,10742.5662
76,49,11001.8424
77,49,11750.258
78,49,11913.1408
79,49,12737.8887
80,49,12885.6148
81,49,14073.3591
82,49,14195.7428
83,49,14488.7642
84,49,14514
85,49,15119
86,49,14939
87,49,15439
49,50,1359
50,50,3061
51,50,3416.4493
52,50,3678.9653
53,50,3686
54,50,4283.6312
55,50,4444.2978
56,50,5002.0865
57,50,5193.0601
58,50,5792.253
59,50,5799.3233
60,50,6641.4378
61,50,6757.5822
62,50,7551.9704
63,50,7626.9736
64,50,8481.5829
65,50,8753.0096
66,50,9278.5934
67,50,9436.955
68,50,9998.779
69,50,10125.779
70,50,10688.0535
71,50,10757.8564
72,50,11394.331
73,50,11532.2929
74,50,12091.4128
75,50,12314.85
76,50,12891.7988
77,50,12949.1719
78,50,13770.504
79,50,13689.4512
80,50,14586.299
81,50,14647.0202
82,50,15811.1554
83,50,15751.3079
84,50,16033
85,50,15951
86,50,16349
87,50,16469
88,50,16969
51,51,-1917
52,51,-976
53,51,-508.687
54,51,-322.595
55,51,424.2708
56,51,588.5219
57,51,1222.0732
58,51,1470.0087
59,51,2108.5351
60,51,2283.7251
61,51,2949.3636
62,51,3050.8874
63,51,3457.4581
64,51,3732.648
65,51,4077.1451
66,51,4402.5559
67,51,4887.4324
68,51,5111.6674
69,51,5641.1197
70,51,5790.387
71,51,6426.5496
72,51,6571.9087
73,51,7093.3572
74,51,7312.5896
75,51,7788.4493
76,51,7972.1294
77,51,8449.2449
78,51,8556.9255
79,51,8984.0611
80,51,9138.166
81,51,9659.6738
82,51,9665.9306
83,51,10434.0847
84,51,10545.5446
85,51,11163.6083
86,51,11179
87,51,11789
88,51,11829
89,51,12369
90,51,12339
52,52,246
53,52,806
54,52,1493.2389
55,52,1473
56,52,2417.3989
57,52,2559.0296
58,52,3267.8051
59,52,3426.7135
60,52,4019.7426
61,52,4037.0354
62,52,4761.682
63,52,4855.1222
64,52,5549.3514
65,52,5562.4516
66,52,6340.1653
67,52,6475.3068
68,52,7175.5919
69,52,7414.9485
70,52,8003.0962
71,52,8125.7441
72,52,8590.2223
73,52,8691.6962
74,52,9098.0448
75,52,9176.3324
76,52,9584.4707
77,52,9664.0036
78,52,10012.5465
79,52,10214.3058
80,52,10495.7565
81,52,10590.8223
82,52,10899.2103
83,52,10998.7574
84,52,12023.918
85,52,12085.8437
86,52,12924.5734
87,52,12844
88,52,13606
89,52,13568
90,52,14298
91,52,14209
53,53,-2223
54,53,-1501
55,53,-596.9999
56,53,-820.1999
57,53,41.4156
58,53,12.9453
59,53,764.8227
60,53,840.9694
61,53,1580.8684
62,53,1737.0992
63,53,2646.8573
64,53,2463.7467
65,53,3164.5272
66,53,3375.9446
67,53,3853.5919
68,53,4172.4598
69,53,4825.1423
70,53,4918.2771
71,53,5482.5481
72,53,5600.8533
73,53,6177.6736
74,53,6208.0202
75,53,6746.5044
76,53,6802.3536
77,53,7220.2749
78,53,7378.7387
79,53,7781.4511
80,53,7958.0758
81,53,8395.278
82,53,8534.3984
83,53,9105.4055
84,53,9219.9604
85,53,9965.1185
86,53,10063.9401
87,53,10690.1135
88,53,10848.1876
89,53,11422
90,53,11529
91,53,12089
92,53,12199
93,53,12819
54,54,492
55,54,687
56,54,1539.1022
57,54,1341
58,54,2361.5239
59,54,2429.2587
60,54,3255.3533
61,54,3306.7935
62,54,3998.0437
63,54,4053.6642
64,54,4929.47
65,54,5112.4029
66,54,5683.6739
67,54,6022.8073
68,54,6398.3101
69,54,6457.947
70,54,7013.7881
71,54,7123.777
72,54,7599.3341
73,54,7699.3578
74,54,8166.2886
75,54,8247.0107
76,54,8662.2693
77,54,8766.358
78,54,9125.2183
79,54,9229.0525
80,54,9557.5037
81,54,9658.8961
82,54,9938.9615
83,54,10127.1604
84,54,10904.9468
85,54,10953.6476
86,54,11804.4687
87,54,11880.0572
88,54,12591.9538
89,54,12688.884
90,54,13372
91,54,13452
92,54,14114
93,54,14148
94,54,14738
56,55,-1734
57,55,-816.2864
58,55,-972.8379
59,55,-228.7271
60,55,-97
61,55,675
62,55,735.1944
63,55,1513.0009
64,55,1514.9652
65,55,2383.1315
66,55,2218.8785
67,55,2952.7431
68,55,2977.6395
69,55,3781.7738
70,55,3711.3085
71,55,4440.2933
72,55,4382.6111
73,55,4899.8605
74,55,4927.4868
75,55,5492.6558
76,55,5464.0708
77,55,6028.0893
78,55,6080.9396
79,55,6536.5533
80,55,6745.0931
81,55,7214.4613
82,55,7405.5732
83,55,7792.5851
84,55,8017.8152
85,55,8694.1231
86,55,8779.8607
87,55,9606.2186
88,55,9734.8412
89,55,10357.4508
90,55,10471.0936
91,55,11106.0142
92,55,11254.0931
93,55,11800
94,55,11939
95,55,12459
96,55,12579
57,56,584
58,56,1429.869
59,56,1523
60,56,1969
61,56,2704
62,56,2995
63,56,3469.6905
64,56,3872.5584
65,56,4145.1694
66,56,4795.581
67,56,4799.1656
68,56,5335.1002
69,56,5216.8866
70,56,5869.1421
71,56,5756.2431
72,56,6418.0997
73,56,6418.0641
74,56,7046.6974
75,56,7068.1748
76,56,7668.3001
77,56,7689.7899
78,56,8168.0302
79,56,8248.4605
80,56,8594.0937
81,56,8671.5169
82,56,9005.0045
83,56,9315.8606
84,56,9855.7878
85,56,9971.7249
86,56,10653.877
87,56,10711.62
88,56,11380.5822
89,56,11533.7921
90,56,12100.8157
91,56,12242.6264
92,56,12913.8097
93,56,13208.6408
94,56,13879
95,56,14059
96,56,14619
97,56,14629
59,57,-1581
60,57,-820.0999
61,57,-549
62,57,109
63,57,269
64,57,591
65,57,1087
66,57,1331
67,57,1892.625
68,57,1958.6778
69,57,2593.4708
70,57,2515.1743
71,57,3096.4549
72,57,3243.3565
73,57,3855.4796
74,57,3801.4593
75,57,4333.5903
76,57,4348.4597
77,57,4954.1178
78,57,4982.4264
79,57,5475.804
80,57,5542.7571
81,57,6080.9783
82,57,6249.5462
83,57,6687.1128
84,57,6950.9095
85,57,7580.4291
86,57,7618.1816
87,57,8201.4256
88,57,8357.1668
89,57,8993.9619
90,57,9101.0997
91,57,9733.6773
92,57,9963.9804
93,57,10769.4988
94,57,10709.5106
95,57,11639
96,57,11739
97,57,12349
98,57,12299
61,58,1489
62,58,1999
63,58,2409
64,58,2972
65,58,3032
66,58,3554
67,58,3688
68,58,4350.0438
69,58,4294.8392
70,58,4926.7799
71,58,4951.0362
72,58,5388.3432
73,58,5370.0448
74,58,5988.3941
75,58,5983.6167
76,58,6627.4776
77,58,6686.6199
78,58,7154.0633
79,58,7170.2486
80,58,7713.9724
81,58,7733.3043
82,58,8140.8172
83,58,8407.9694
84,58,8892.0231
85,58,8871.3992
86,58,9549.4456
87,58,9506.3699
88,58,10079.514
89,58,10081.6991
90,58,11008.9982
91,58,11250.1497
92,58,11915.9132
93,58,12202.8819
94,58,12959
95,58,12909
96,58,13449
97,58,13539
98,58,14178
99,58,14169
100,58,14759
62,59,-889.5999
63,59,-621
64,59,-355
65,59,154
66,59,443
67,59,955
68,59,1012
69,59,1640.3908
70,59,1528.6115
71,59,2176.9314
72,59,2166.7216
73,59,2807.9868
74,59,2757.8747
75,59,3398.7474
76,59,3391.9447
77,59,4013.0843
78,59,3982.235
79,59,4499.0724
80,59,4551.7568
81,59,5017.4567
82,59,5229.2776
83,59,5644.2803
84,59,5824.275
85,59,6433.181
86,59,6483.0194
87,59,6895.3988
88,59,7107.1957
89,59,7810.5218
90,59,7929.9199
91,59,8919.5595
92,59,9221.7897
93,59,9821.983
94,59,9877
95,59,10239
96,59,10485
97,59,10958
98,59,10904
99,59,11509
100,59,11519
101,59,12149
64,60,1889
65,60,2208
66,60,2599
67,60,2876
68,60,3276
69,60,3333
70,60,4111.6447
71,60,3881.547
72,60,4414.1224
73,60,4393.8874
74,60,4997.8224
75,60,4974.5912
76,60,5552.3966
77,60,5532.5193
78,60,6104.3392
79,60,6177.0342
80,60,6717.5652
81,60,6794.2639
82,60,7224.493
83,60,7504.9145
84,60,7968.7996
85,60,7970.3873
86,60,8588.897
87,60,8762.2792
88,60,9252.9438
89,60,9129.0534
90,60,9929.5491
91,60,9931.6455
92,60,10658.9531
93,60,10861.2807
94,60,11300.0837
95,60,11713.1649
96,60,12075.7656
97,60,12333.7807
98,60,12689.2886
99,60,12863
100,60,13244
101,60,13319
102,60,13809
65,61,-1031
66,61,-781
67,61,-401
68,61,-61
69,61,384
70,61,463
71,61,1149
72,61,1270.8089
73,61,1720.4993
74,61,1704.8574
75,61,2245.2741
76,61,2162.5319
77,61,2619.372
78,61,2772.8176
79,61,3484.0877
80,61,3554.6565
81,61,4238.9871
82,61,4299.5797
83,61,4702.7772
84,61,4808.4491
85,61,5311.327
86,61,5405.0388
87,61,6008.0534
88,61,5945.3098
89,61,6510.7719
90,61,6995.28
91,61,7600.256
92,61,7787.311
93,61,8225.1937
94,61,8649.3745
95,61,9172.0223
96,61,9383.9572
97,61,9900.9973
98,61,10008.1989
99,61,10459.6027
100,61,10651.0451
101,61,11099
102,61,11239
103,61,11569
66,62,1129
67,62,1399
68,62,1809
69,62,2100
70,62,2659
71,62,2892
72,62,3257
73,62,3382.2848
74,62,4037.5412
75,62,4110.7037
76,62,4713.8853
77,62,4754.8302
78,62,5243.8881
79,62,5010.8842
80,62,5747.9688
81,62,5664.5702
82,62,6293.9332
83,62,6524.2619
84,62,7017.8252
85,62,7100.6586
86,62,7583.0536
87,62,7558.9924
88,62,8275.9022
89,62,8268.1153
90,62,8665.6882
91,62,8594.5618
92,62,9096.5315
93,62,9213.5744
94,62,9709.7006
95,62,9799.7773
96,62,10243.7042
97,62,10390.6776
98,62,10967.7923
99,62,11066.3758
100,62,11581.4356
101,62,11849
102,62,12255
103,62,12439
104,62,13069
67,63,-1528
68,63,-947.092
69,63,-791
70,63,-615
71,63,-142
72,63,61
73,63,675
74,63,623.9756
75,63,1046.9913
76,63,1189.2501
77,63,1894.6874
78,63,1758.6725
79,63,2663.9411
80,63,2548.3524
81,63,3391.0107
82,63,3314.869
83,63,3755.1668
84,63,3837.2219
85,63,4320.4053
86,63,4394.2213
87,63,4945.4425
88,63,4890.7336
89,63,5600.9911
90,63,5893.4602
91,63,6467.2787
92,63,6651.7443
93,63,7180.6096
94,63,7387.3701
95,63,7881.7788
96,63,8080.5077
97,63,8574.5704
98,63,8847.3998
99,63,9339.8715
100,63,9483.7365
101,63,9921.5055
102,63,10092.7598
103,63,10528
104,63,10609
105,63,11210
106,63,11309
69,64,1149
70,64,1583
71,64,1738
72,64,2231
73,64,2259
74,64,2803
75,64,3171
76,64,3673.1975
77,64,3527.2564
78,64,4322.8463
79,64,4211.3524
80,64,4807.1714
81,64,4596.4222
82,64,5383.2702
83,64,5528.2959
84,64,6013.779
85,64,6118.662
86,64,6611.7052
87,64,6685.5218
88,64,7343.1765
89,64,7283.4151
90,64,7627.8627
91,64,7620.9025
92,64,8005.9673
93,64,8030.0226
94,64,8519.8063
95,64,8580.3671
96,64,9187.6453
97,64,9301.6642
98,64,9778.0899
99,64,9954.618
100,64,10408.8398
101,64,10582.6071
102,64,10930.7939
103,64,11316
104,64,11669
105,64,11929
106,64,12478
107,64,12639
70,65,-1187.9999
71,65,-1061
72,65,-834
73,65,-324
74,65,-240
75,65,140
76,65,47.5359
77,65,624.2624
78,65,748.6413
79,65,1425.8479
80,65,1929.1526
81,65,2125.9895
82,65,1945.8214
83,65,2468.99
84,65,2508.1915
85,65,3267.5868
86,65,3148.4607
87,65,3817.3544
88,65,3895.2775
89,65,4562.7337
90,65,4833.0523
91,65,5309.6832
92,65,5517.4862
93,65,5935.9587
94,65,6131.5832
95,65,6563.5873
96,65,6808.6887
97,65,7662.3771
98,65,7604.0047
99,65,8005.3637
100,65,8184.1329
101,65,8571.9666
102,65,8801.1274
103,65,9294.4204
104,65,9620
105,65,10109
106,65,10209
107,65,10769
108,65,10829
72,66,1253
73,66,1389
74,66,1989
75,66,2189
76,66,2868
77,66,2898.3981
78,66,3439.8698
79,66,3163.3909
80,66,3444.2059
81,66,3721.374
82,66,4405.6941
83,66,4446.0145
84,66,5109.9497
85,66,4935.5704
86,66,5783.3936
87,66,5714.864
88,66,6369.3757
89,66,6288.2038
90,66,6567.9182
91,66,6622.63
92,66,6932.2747
93,66,6985.308
94,66,7428.8147
95,66,7507.9916
96,66,8008.363
97,66,7790.281
98,66,8660.8662
99,66,8796.2763
100,66,9284.5922
101,66,9391.6445
102,66,9964.2866
103,66,10103.7996
104,66,10518
105,66,10589
106,66,11279
107,66,11339
108,66,11909
109,66,12049
73,67,-1093.8999
74,67,-1176.7792
75,67,-843
76,67,-783
77,67,-270.4575
78,67,-161.0069
79,67,284.5905
80,67,491.1445
81,67,1084.0903
82,67,1075.428
83,67,1540.8726
84,67,1602.0989
85,67,2141.2186
86,67,2183.0816
87,67,2785.1529
88,67,2934.7552
89,67,3671.4346
90,67,3592.447
91,67,4051.6983
92,67,4211.4394
93,67,4504.1761
94,67,4812.8397
95,67,5274.0397
96,67,5485.8284
97,67,5888.6306
98,67,6219.3397
99,67,6747.0214
100,67,6983.9591
101,67,7436.7513
102,67,7526.5829
103,67,7930.4752
104,67,8097
105,67,8763
106,67,8880
107,67,9418
108,67,9458
109,67,9949
110,67,9959
74,68,855
75,68,1199
76,68,1849
77,68,1920
78,68,2490.8774
79,68,2658.5583
80,68,3010.867
81,68,3039.4256
82,68,3474.4403
83,68,3609.3695
84,68,4166.4434
85,68,4151.0173
86,68,4881.8712
87,68,4858.7647
88,68,5460.855
89,68,5164.216
90,68,5759.924
91,68,5662.6949
92,68,6023.5273
93,68,6107.8443
94,68,6426.8877
95,68,6415.8211
96,68,6853.5174
97,68,6829.8064
98,68,7315.0984
99,68,7507.8878
100,68,7998.7437
101,68,8150.903
102,68,8600.4752
103,68,8769.2795
104,68,9253.7271
105,68,9459
106,68,9888
107,68,10071
108,68,10620
109,68,10757
110,68,11269
111,68,11239
75,69,-1711.9999
76,69,-1736.0999
77,69,-895.6999
78,69,-1058.6414
79,69,-553.8092
80,69,-250
81,69,38
82,69,229.2616
83,69,742.9595
84,69,761.3623
85,69,1249.4314
86,69,1309.9184
87,69,1914.216
88,69,1786.5672
89,69,2578.5234
90,69,2555.5598
91,69,3028.8878
92,69,3123.5092
93,69,3565.1548
94,69,3683.1734
95,69,4030.5013
96,69,4276.4222
97,69,4654.0965
98,69,4907.943
99,69,5312.094
100,69,5574.394
101,69,6163.122
102,69,6391.7285
103,69,6944.7028
104,69,7062.46
105,69,7499
106,69,7650
107,69,8008
108,69,8228
109,69,8671
110,69,8929
111,69,9379
112,69,9549
78,70,1544
79,70,1854
80,70,2179
81,70,2340
82,70,2787.744
83,70,2728
84,70,3248.4543
85,70,3364.4427
86,70,3928.5875
87,70,3874.4662
88,70,4589.3128
89,70,4419.288
90,70,4881.7939
91,70,4822.1822
92,70,5211.4197
93,70,5105.3671
94,70,5572.729
95,70,5675.416
96,70,5952.6533
97,70,5992.3934
98,70,6325.7212
99,70,6352.1196
100,70,6778.2457
101,70,6800.4751
102,70,7334.1562
103,70,7466.6514
104,70,7977.4245
105,70,8120.0069
106,70,8469.7371
107,70,8904.053
108,70,9397
109,70,9688
110,70,10109
111,70,10207
112,70,10749
113,70,10799
79,71,-1269.5999
80,71,-1240.9653
81,71,-831
82,71,-605.953
83,71,-204.0569
84,71,-98.0656
85,71,485.9068
86,71,463.2513
87,71,1081.2594
88,71,987.9596
89,71,1725.3962
90,71,1688.0935
91,71,2286.482
92,71,2259.2224
93,71,2637.4684
94,71,2719.0479
95,71,3014.57
96,71,3221.5459
97,71,3771.9023
98,71,3791.6316
99,71,4219.6777
100,71,4353.5077
101,71,4718.2288
102,71,4914.5288
103,71,5308.0288
104,71,5510.1288
105,71,5975.7476
106,71,6181.5513
107,71,6640.4473
108,71,6670.845
109,71,7326
110,71,7366
111,71,7971
112,71,8105
113,71,8589
114,71,8649
115,71,9129
81,72,1167
82,72,1643
83,72,1932
84,72,2563.4294
85,72,2444
86,72,2951.5527
87,72,2929.3767
88,72,3519.1092
89,72,3334.8461
90,72,3895.0476
91,72,3726.5322
92,72,4315.9126
93,72,4282.1081
94,72,4705.7125
95,72,4735.7457
96,72,5123.2473
97,72,4933.0346
98,72,5460.3043
99,72,5414.0884
100,72,5862.7371
101,72,5964.6849
102,72,6252.5401
103,72,6200.4421
104,72,6699.7204
105,72,6787.3833
106,72,7340.434
107,72,7414.1266
108,72,8009.434
109,72,8015.453
110,72,8541.1928
111,72,8802
112,72,9072.3097
113,72,9308
114,72,9753
115,72,9969
116,72,10349
117,72,10619
82,73,-1452.9999
83,73,-1019.7972
84,73,-934.5958
85,73,-447.6541
86,73,-374.2715
87,73,260.0647
88,73,128.799
89,73,754.5584
90,73,655.1792
91,73,1302.4558
92,73,1318.4866
93,73,1751.2386
94,73,1781.0464
95,73,2215.1227
96,73,2218.8487
97,73,2709.7461
98,73,2755.3893
99,73,3187.6025
100,73,3283.2828
101,73,3617.9528
102,73,3853.0407
103,73,4172.5874
104,73,4427.2886
105,73,5007
106,73,5211.0615
107,73,5759.5656
108,73,5948.5591
109,73,6316.6979
110,73,6532.8816
111,73,6844.8772
112,73,7183.8894
113,73,7576.7689
114,73,7760.3071
115,73,8199
116,73,8419
117,73,8859
118,73,9009
83,74,978
84,74,1386
85,74,1605
86,74,2178.8872
87,74,1972
88,74,2509.6125
89,74,2416.005
90,74,2989.8923
91,74,2867.4822
92,74,3328.5704
93,74,3284.403
94,74,3830.837
95,74,3812.9245
96,74,4289.3404
97,74,4237.3964
98,74,4665.8837
99,74,4686.3765
100,74,5119.5213
101,74,5180.9999
102,74,5521.9268
103,74,5625.3226
104,74,5981.2915
105,74,5986
106,74,6567.7579
107,74,6589.2851
108,74,7096.0509
109,74,7223.949
110,74,7700.8772
111,74,7837.3894
112,74,8403.2022
113,74,8585.4125
114,74,9061.3014
115,74,9188
116,74,9698
117,74,9745
118,74,10389
119,74,10379
120,74,10889
121,74,10899
84,75,-1599
85,75,-1266.6628
86,75,-1197.2819
87,75,-765.1427
88,75,-707.9928
89,75,-147.0263
90,75,-287.2305
91,75,264.99
92,75,235
93,75,990.6481
94,75,805.2878
95,75,1275.1007
96,75,1248.4514
97,75,1769.7143
98,75,1745.6497
99,75,2234.6841
100,75,2350.1893
101,75,2719.061
102,75,2916.5377
103,75,3240.6977
104,75,3466.2174
105,75,3831.0878
106,75,4170.1399
107,75,4501.1702
108,75,4852.4898
109,75,5143.1278
110,75,5402.5658
111,75,5828.4203
112,75,5996.9173
113,75,6401.8078
114,75,6600.1875
115,75,7063
116,75,7270.5467
117,75,7701.623
118,75,7901
119,75,8359
120,75,8439
121,75,8909
122,75,8900
123,75,9409
85,76,607
86,76,946
87,76,1173
88,76,1711.4416
89,76,1563
90,76,2061.1437
91,76,1950.4962
92,76,2450
93,76,2217.0663
94,76,2805.4156
95,76,2682.2128
96,76,3282.3269
97,76,3160.3826
98,76,3730.4847
99,76,3721.2305
100,76,4131.8437
101,76,4182.5288
102,76,4564.0392
103,76,4655.651
104,76,5060.8567
105,76,5001.5754
106,76,5380.6684
107,76,5506.587
108,76,5731.8737
109,76,5875.0598
110,76,6469.9553
111,76,6580.6659
112,76,7209.7239
113,76,7258.8924
114,76,8017.6995
115,76,8101.1955
116,76,8820.8662
117,76,9094.5439
118,76,9492.5062
119,76,9540
120,76,10006
121,76,10009
122,76,10539
123,76,10569
124,76,11109
86,77,-1900
87,77,-1564
88,77,-1541
89,77,-1151.9999
90,77,-1070.1069
91,77,-543.6589
92,77,-612.6077
93,77,-252
94,77,-224.6904
95,77,371.1065
96,77,313.7861
97,77,636.6577
98,77,688.0986
99,77,1065.5332
100,77,1205.2112
101,77,1586.8368
102,77,1826.4471
103,77,2246.3635
104,77,2395.8086
105,77,2790.6856
106,77,2882.0004
107,77,3236.0664
108,77,3371.9634
109,77,3655.4133
110,77,3838.316
111,77,4414.9115
112,77,4601.3221
113,77,5055.7838
114,77,5289.9723
115,77,5729.3628
116,77,5942.9726
117,77,6426.3465
118,77,6546.113
119,77,7212.8965
120,77,7275.9711
121,77,7920
122,77,8087
123,77,8588
124,77,8579
125,77,9090
126,77,9129
127,77,9589
87,78,124
88,78,476
89,78,737
90,78,1226.6006
91,78,1087
92,78,1494.7573
93,78,1573
94,78,1983.6109
95,78,1846.3561
96,78,2338.1229
97,78,2211.7186
98,78,2828.3787
99,78,2777.485
100,78,3239.0321
101,78,3302.7846
102,78,3637.1271
103,78,3692.9385
104,78,3994.3563
105,78,4010.4853
106,78,4419.3191
107,78,4366.2597
108,78,4817.8607
109,78,4801.9822
110,78,5560.564
111,78,5413.4208
112,78,6145.8225
113,78,6233.6928
114,78,6868.67
115,78,6933.0172
116,78,7512.7679
117,78,7551.0731
118,78,8241.1909
119,78,8273.224
120,78,8928.8662
121,78,8968
122,78,9489.6149
123,78,9460
124,78,10141
125,78,10159
126,78,10539
127,78,10539
128,78,10929
89,79,-1994
90,79,-1933
91,79,-1471.6999
92,79,-1447.9279
93,79,-859.587
94,79,-985.6819
95,79,-590
96,79,-624.9501
97,79,101.2536
98,79,-99.2112
99,79,221.5634
100,79,280.0572
101,79,646.49
102,79,730.2356
103,79,1211.4495
104,79,1312.0382
105,79,1834.4883
106,79,1814.6344
107,79,2315.6832
108,79,2453.3041
109,79,2974.9242
110,79,3049.9596
111,79,3653.1058
112,79,3780.3778
113,79,4362.8188
114,79,4405.2749
115,79,5021.2437
116,79,5095.9304
117,79,5633.8104
118,79,5784.1845
119,79,6449.9892
120,79,6478.7055
121,79,7140.3651
122,79,7090.4987
123,79,7901.2474
124,79,7740.2869
125,79,8169
126,79,8239
127,79,8659
128,79,8689
129,79,9060
130,79,9019
90,80,85
91,80,246
92,80,788.029
93,80,632
94,80,1097.9713
95,80,1200
96,80,1669.9233
97,80,1543.8269
98,80,2058.5805
99,80,1918.8659
100,80,2550.9126
101,80,2324.452
102,80,2994.7165
103,80,2789.6507
104,80,3442.2706
105,80,3153.9079
106,80,3969.8802
107,80,3692.6241
108,80,4458.5419
109,80,4544.0345
110,80,5077.6379
111,80,5047.2799
112,80,5502.5417
113,80,5578.9523
114,80,6068.0937
115,80,6090.3633
116,80,6547.8541
117,80,6690.4843
118,80,7103.535
119,80,7254.2447
120,80,7698.4863
121,80,7711.4066
122,80,8233.5752
123,80,8205.1921
124,80,8835.6752
125,80,9187
126,80,9664
127,80,9586
128,80,9914
129,80,9988
130,80,10359
131,80,10359
95,81,-1265.1999
96,81,-1155.5646
97,81,-874
98,81,-756.7428
99,81,-253.5144
100,81,-162.793
101,81,-44.943
102,81,299.3471
103,81,367.6707
104,81,701.9286
105,81,988.2601
106,81,1194.5043
107,81,1506.8648
108,81,1706.7253
109,81,2028.8287
110,81,2201.2968
111,81,2569.3709
112,81,2754.7085
113,81,3164.3036
114,81,3260.3111
115,81,3772.2275
116,81,3817.2488
117,81,4277.4931
118,81,4394.0526
119,81,4790.1318
120,81,4966.4821
121,81,5606.8609
122,81,5704.9706
123,81,6365.8379
124,81,6419.6254
125,81,7254.546
126,81,7377.6797
127,81,7551.646
128,81,7668.3562
129,81,7926
130,81,8067
131,81,8450
132,81,8525
133,81,9024
134,81,9029
135,81,9528
136,81,9550
96,82,375.497
97,82,624
98,82,960.4078
99,82,1009.1638
100,82,1314.7783
101,82,1541.7659
102,82,1753.296
103,82,1946.8274
104,82,2212.1237
105,82,2392.9863
106,82,2655.4034
107,82,2796.5875
108,82,3089.4725
109,82,3213.9788
110,82,3557.8662
111,82,3645.9771
112,82,4019.6187
113,82,4089.5129
114,82,4481.9136
115,82,4537.7577
116,82,5002.192
117,82,4991.9527
118,82,5480.4318
119,82,5512.7766
120,82,6048.8007
121,82,6095.0347
122,82,6637.477
123,82,6713.0633
124,82,7253.6752
125,82,7487.646
126,82,8003.0539
127,82,8153.4241
128,82,8372.6074
129,82,8534.9874
130,82,8759.9015
131,82,8942
132,82,9255.8009
133,82,9411
134,82,9810
135,82,9899
136,82,10319
137,82,10380
101,83,-1546
102,83,-1527
103,83,-1106.743
104,83,-1008.6509
105,83,-503.1838
106,83,-457.3896
107,83,40.8574
108,83,111.7154
109,83,532.2645
110,83,621.6887
111,83,1082.7362
112,83,1106.6716
113,83,1559.964
114,83,1627.9321
115,83,1917.437
116,83,2019.1448
117,83,2427.8101
118,83,2467.1193
119,83,2768.7925
120,83,2873.2561
121,83,3148.4152
122,83,3244.7253
123,83,3547.0096
124,83,3558.0192
125,83,3707.1536
126,83,3799.0408
127,83,4466.3022
128,83,4419.6582
129,83,4913.9019
130,83,4971.7122
131,83,5286.1532
132,83,5476.6804
133,83,5757.2281
134,83,6069
135,83,6333
136,83,6599
137,83,6949
138,83,7219
102,84,952
103,84,1319.6659
104,84,1450.0734
105,84,1516.1663
106,84,1787.0154
107,84,1761.7963
108,84,2116.1033
109,84,2079.7363
110,84,2409.0246
111,84,2382.6057
112,84,2732.1357
113,84,2673.017
114,84,3075.0538
115,84,3153.949
116,84,3433.0381
117,84,3439.5636
118,84,3801.5344
119,84,3848.9356
120,84,4105.1234
121,84,4164.4426
122,84,4412.07
123,84,4406.4708
124,84,4703.6238
125,84,4784.8348
126,84,4983.442
127,84,4929.5587
128,84,5799.2633
129,84,5824.547
130,84,6527.2727
131,84,6629.9619
132,84,7135.9072
133,84,7279.5065
134,84,7662.2821
135,84,7823.6487
136,84,8345
137,84,8475
138,84,9003
139,84,9160
140,84,9619
141,84,9779
106,85,-1137.6502
107,85,-705.5014
108,85,-710.1892
109,85,-319.8413
110,85,-245.3468
111,85,85.4914
112,85,175.4946
113,85,604.6394
114,85,639.0701
115,85,1038.0359
116,85,1136.7291
117,85,1362.9113
118,85,1510.009
119,85,1853.4039
120,85,1932.4446
121,85,2206.9607
122,85,2327.7845
123,85,2613.1718
124,85,2703.5369
125,85,2895.0556
126,85,2983.1025
127,85,3484.6275
128,85,3499.0843
129,85,4014.6038
130,85,4075.5822
131,85,4490.5224
132,85,4676.7087
133,85,5072.2052
134,85,5249.6015
135,85,5594.5833
136,85,5769.7042
137,85,6109.6995
138,85,6347.2305
139,85,6656
140,85,6900
141,85,7209
142,85,7407
143,85,7690
107,86,1171.7925
108,86,1497.0241
109,86,1522.1963
110,86,1843.5029
111,86,1865.4279
112,86,2164.0358
113,86,2140.0709
114,86,2466.0481
115,86,2408.4901
116,86,2774.0901
117,86,2877.9094
118,86,3096.4795
119,86,3123.4838
120,86,3437.3703
121,86,3484.3248
122,86,3716.8786
123,86,3760.1193
124,86,4009.962
125,86,4072.2015
126,86,4300.9992
127,86,4356.7711
128,86,5029.1135
129,86,5078.8095
130,86,5779.0752
131,86,5887.083
132,86,6466.1558
133,86,6559.8519
134,86,7072.9988
135,86,7193.3653
136,86,7699.7433
137,86,7852.261
138,86,8271.8808
139,86,8465.846
140,86,8841
141,86,9063
142,86,9476
143,86,9807
144,86,10009
110,87,-989.8278
111,87,-778.3588
112,87,-712.7369
113,87,-404.4538
114,87,-300.0562
115,87,80.0205
116,87,137.9981
117,87,497.6179
118,87,628.6719
119,87,826.0658
120,87,1005.0735
121,87,1319.1572
122,87,1415.726
123,87,1691.4299
124,87,1824.5216
125,87,2049.6396
126,87,2183.9513
127,87,2551.3493
128,87,2651.1696
129,87,3148.959
130,87,3227.6206
131,87,3888.0971
132,87,3889.4455
133,87,4635.9766
134,87,4623.7135
135,87,5382.2222
136,87,5278.5987
137,87,5930.0951
138,87,5913.4675
139,87,6302.5747
140,87,6353.7196
141,87,6790.5844
142,87,6864.184
143,87,7164.6024
144,87,7378
145,87,7766
113,88,1485.7327
114,88,1802.6441
115,88,1789.1782
116,88,2104.2862
117,88,2092.4265
118,88,2413.5416
119,88,2528.1242
120,88,2712.0168
121,88,2765.803
122,88,3063.9883
123,88,3113.593
124,88,3347.4193
125,88,3427.4155
126,88,3642.0311
127,88,3798.6492
128,88,4315.6423
129,88,4370.4574
130,88,4958.0776
131,88,4954.5585
132,88,5633.8188
133,88,5807.426
134,88,6246.017
135,88,6433.8292
136,88,6845.4679
137,88,7044.5419
138,88,7441.9973
139,88,7632.0467
140,88,8031.222
141,88,8111.2295
142,88,8440.9186
143,88,8559.2515
144,88,8872.5907
145,88,9027.7436
146,88,9278.3941
116,89,-756.6203
117,89,-391.9296
118,89,-291.6441
119,89,42.1045
120,89,172.018
121,89,383.1324
122,89,588.3246
123,89,821.2411
124,89,949.1789
125,89,1201.2566
126,89,1351.1613
127,89,1671.2295
128,89,1878.1162
129,89,2327.6618
130,89,2364.9742
131,89,2939.0686
132,89,3030.0139
133,89,3631.0507
134,89,3784.1214
135,89,4288.0683
136,89,4477.4986
137,89,4972.8137
138,89,5107.0318
139,89,5571.7809
140,89,5539.2291
141,89,6012.5476
142,89,6042.4239
143,89,6351.0361
144,89,6477.8889
145,89,6781.8383
146,89,6862.4403
147,89,7198
118,90,1747.158
119,90,1655
120,90,2074.3369
121,90,2176.6538
122,90,2321.5699
123,90,2468.4634
124,90,2735.0689
125,90,2800.8093
126,90,3020.9843
127,90,3232.9273
128,90,3624.5453
129,90,3677.0361
130,90,4168.9866
131,90,4092.8006
132,90,4616.9806
133,90,4525.3665
134,90,5118.4454
135,90,5212.926
136,90,5728.6268
137,90,5793.413
138,90,6367.5865
139,90,6598.1079
140,90,7116.3955
141,90,7311.5467
142,90,7605.1141
143,90,7711.7517
144,90,7984.0503
145,90,8112.4119
146,90,8390.9286
147,90,8554.8715
148,90,8784
120,91,-703.7339
121,91,-431.1556
122,91,-254.3369
123,91,-50.8161
124,91,179.3655
125,91,386.6061
126,91,532.7599
127,91,845.1831
128,91,1072.4945
129,91,1473.3539
130,91,1603.5718
131,91,2164.5359
132,91,2154.3956
133,91,2812.0219
134,91,2927.9116
135,91,3565.5642
136,91,3656.2496
137,91,4170.1312
138,91,4163.0224
139,91,4700.9452
140,91,4727.1449
141,91,5158.2329
142,91,5246.2706
143,91,5681.7435
144,91,5613.0285
145,91,5972.7699
146,91,6016.5501
147,91,6350.025
148,91,6477
149,91,6779
123,92,1859.5538
124,92,2027.079
125,92,2142
126,92,2449.0643
127,92,2642.5859
128,92,2859
129,92,3047.3723
130,92,3391.0742
131,92,3308.0539
132,92,3883.895
133,92,3779.3211
134,92,4316.8136
135,92,4277.5372
136,92,4899.3409
137,92,5001.95
138,92,5570.8024
139,92,5656.5624
140,92,6103.8636
141,92,6316.4087
142,92,6633.422
143,92,6709.0586
144,92,7133.2898
145,92,7232.7929
146,92,7508.8625
147,92,7610.3463
148,92,7911
149,92,8102
150,92,8410
126,93,-253.3249
127,93,109.9021
128,93,392
129,93,534.326
130,93,903.2222
131,93,1302.0016
132,93,1413.5635
133,93,1844.0954
134,93,2038.7502
135,93,2509
136,93,2707.5944
137,93,3262.9755
138,93,3280.3015
139,93,3735
140,93,3949.8855
141,93,4253.2766
142,93,4390.8863
143,93,4829.6598
144,93,4861.9538
145,93,5224.5068
146,93,5285.6986
147,93,5545.4103
148,93,5689.353
149,93,6069
150,93,6103
151,93,6529
127,94,1834
128,94,2140
129,94,2443
130,94,2667
131,94,3021
132,94,3277
133,94,3336
134,94,3760.1805
135,94,3719
136,94,4158.1788
137,94,4217.0096
138,94,4551.7428
139,94,4597
140,94,4887.5156
141,94,5061.4303
142,94,5430.5071
143,94,5575.4024
144,94,5997.4221
145,94,6155.3486
146,94,6474.6564
147,94,6650.0846
148,94,6887.2102
149,94,6951.286
150,94,7289
151,94,7351
152,94,7744
128,95,-351
129,95,149
130,95,179
131,95,619
132,95,739
133,95,1209
134,95,1216.3663
135,95,1812
136,95,1811
137,95,2178
138,95,2365
139,95,2879
140,95,3014.3552
141,95,3431
142,95,3621
143,95,3959.2119
144,95,4061.7593
145,95,4367.0814
146,95,4479.9549
147,95,4776.0729
148,95,4830.8419
149,95,5164.3972
150,95,5194.575
151,95,5473
152,95,5531
153,95,5936
135,96,2891
136,96,3366
137,96,3415
138,96,3851
139,96,3737
140,96,4060.7531
141,96,4082
142,96,4413
143,96,4563.4303
144,96,4955.1089
145,96,5097.3105
146,96,5419.6075
147,96,5575.049
148,96,6012.1413
149,96,6163.5822
150,96,6572.4762
151,96,6750
152,96,7049
153,96,7101
154,96,7403
136,97,850
137,97,1187
138,97,1241
139,97,1761
140,97,1932
141,97,2320
142,97,2485
143,97,2772
144,97,3033
145,97,3239
146,97,3403.0409
147,97,3757.0814
148,97,3927.0303
149,97,4326.5833
150,97,4416.3616
151,97,4691.0239
152,97,4835.386
153,97,5087.6613
154,97,5050.5774
155,97,5402
156,97,5416
139,98,2892
140,98,3221
141,98,3304
142,98,3550
143,98,3626
144,98,3883
145,98,4051
146,98,4500.5042
147,98,4617.645
148,98,5012.5193
149,98,5146.4905
150,98,5540.5413
151,98,5697.2908
152,98,5964.9679
153,98,6105.9954
154,98,6482.3418
155,98,6522
156,98,6876
157,98,6873
140,99,936
141,99,1265
142,99,1384
143,99,1814
144,99,1929
145,99,2253
146,99,2452
147,99,2855.3207
148,99,2800.8057
149,99,3099
150,99,3352
151,99,3786
152,99,3947.7598
153,99,4129.3418
154,99,4313.0952
155,99,4596.3813
156,99,4541.1293
157,99,4913
158,99,4926
141,100,2294
142,100,2783
143,100,2774
144,100,3072
145,100,3123
146,100,3413
147,100,3435
148,100,3969.5712
149,100,4069
150,100,4392
151,100,4555
152,100,4983.9076
153,100,5238.0329
154,100,5396.936
155,100,5482.6571
156,100,5893.4116
157,100,5884
158,100,6266
159,100,6287
143,101,1008
144,101,928
145,101,1365
146,101,1544
147,101,2014
148,101,2005.8122
149,101,2408.9734
150,101,2394.415
151,101,2780.6612
152,101,2933
153,101,3182
154,101,3349.4234
155,101,3633
156,101,3781.2955
157,101,4188.7585
158,101,4151
159,101,4443
160,101,4476
146,102,2536
147,102,2450
148,102,2904
149,102,2839
150,102,3384.3495
151,102,3397.3932
152,102,3738
153,102,3930
154,102,4307.9942
155,102,4498
156,102,4804
157,102,4899.9399
158,102,5243
159,102,5384
160,102,5766
161,102,5827
148,103,1025
149,103,1601
150,103,1636.8703
151,103,2001.7799
152,103,2064.9774
153,103,2354.3018
154,103,2447
155,103,2754
156,103,2916
157,103,3092
158,103,3341
159,103,3639
160,103,3721
161,103,4043
162,103,4066
149,104,2184
150,104,2611
151,104,2605
152,104,3014.2841
153,104,3169.1855
154,104,3610
155,104,3704
156,104,3992
157,104,4247
158,104,4454
159,104,4638
160,104,4883
161,104,4974
162,104,5386
163,104,5507
150,105,895
151,105,1320
152,105,1356.678
153,105,1647.6568
154,105,1642.2876
155,105,1983
156,105,2129
157,105,2354
158,105,2571
159,105,2784
160,105,2981
161,105,3239
162,105,3411
163,105,3673
164,105,3616
152,106,2147
153,106,2277
154,106,2732.4969
155,106,2957
156,106,3228
157,106,3347
158,106,3616
159,106,3757
160,106,4054
161,106,4223
162,106,4503
163,106,4656
164,106,5006
165,106,5069
153,107,685
154,107,757.0568
155,107,1041.8568
156,107,1162
157,107,1526
158,107,1677
159,107,1979
160,107,2141
161,107,2389
162,107,2611
163,107,2752
164,107,2861
165,107,3119
166,107,3126
167,107,3447
155,108,1863
156,108,2222
157,108,2346
158,108,2544
159,108,2736
160,108,3086
161,108,3502
162,108,3654
163,108,3828
164,108,4143
165,108,4309
166,108,4566
167,108,4559
168,108,4884
169,108,4864
170,108,5169
171,108,5160
156,109,228
157,109,516.5345
158,109,638
159,109,796
160,109,957
161,109,1073
162,109,1301
163,109,1498
164,109,1511
165,109,1807
166,109,1928
167,109,2469
168,109,2466
169,109,2897
170,109,2924
171,109,3279
172,109,3309
157,110,1082
158,110,1432
159,110,1605
160,110,1907
161,110,2046
162,110,2306
163,110,2485
164,110,2874
165,110,2872
166,110,3516
167,110,3509
168,110,4046
169,110,4032
170,110,4554
171,110,4526
172,110,4899
173,110,4915
161,111,468
162,111,487
163,111,962
164,111,1091
165,111,1568
166,111,1421
167,111,1861
168,111,1818
169,111,2427
170,111,2276
171,111,2820
172,111,2699
173,111,3148
174,111,3019
164,112,2324
165,112,2343
166,112,2854
167,112,2789
168,112,3356
169,112,3228
170,112,3796
171,112,3694
172,112,4254
173,112,4173
174,112,4569
175,112,4429
165,113,592
166,113,671
167,113,1070
168,113,1133
169,113,1507
170,113,1552
171,113,2035
172,113,1936
173,113,2419
174,113,2284
175,113,2689
176,113,2669
170,114,3073
171,114,2948
172,114,3451
173,114,3317
174,114,3827
175,114,3793
176,114,4109
177,114,4104
172,115,1147
173,115,1552
174,115,1523
175,115,1963
176,115,1840
177,115,2189
173,116,2498
174,116,2944
175,116,2837
176,116,3336
177,116,3321
174,117,663
175,117,912
176,117,994
177,117,1460
175,118,2108
176,118,2397
177,118,2317
