n,z,neutronSeparationEnergy(keV)
1,0,0
1,1,2224.5662
2,1,6257.2301
3,1,-1600
4,1,-200
5,1,-911.9594
6,1,812
2,2,20577.6211
3,2,-735
4,2,1710.4569
5,2,-409.7143
6,2,2534.7627
7,2,-1254.8254
8,2,-190.0023
1,3,11415
2,3,21715.6211
3,3,5663.3245
4,3,7251.0939
5,3,2032.6182
6,3,4062.2175
7,3,-26.4045
8,3,395.6871
9,3,-210
10,3,100
2,4,26835
3,4,10677.3542
4,4,18898.644
5,4,1664.5388
6,4,6812.2824
7,4,501.6358
8,4,3170.7254
9,4,-510
10,4,1775.8951
11,4,-1800
12,4,450
2,5,27715
3,5,12826.3018
4,5,18576.4012
5,5,8437.1932
6,5,11454.2206
7,5,3369.6283
8,5,4878.7679
9,5,969.5802
10,5,2777.6245
11,5,-83.0012
12,5,1466.6951
13,5,-5
14,5,93.7073
15,5,-1560
16,5,-910
3,6,14224.616
4,6,21283.6164
5,6,13120.594
6,6,18720.7151
7,6,4946.3087
8,6,8176.4341
9,6,1218.0662
10,6,4250.3301
11,6,733.5717
12,6,4183.9319
13,6,576.8292
14,6,2981.5058
15,6,-68
16,6,103
17,6,-2488
4,7,22505.7016
5,7,15098.8939
6,7,20063.9051
7,7,10553.3823
8,7,10833.2968
9,7,2488.849
10,7,5885.1465
11,7,2828.2294
12,7,5328.2305
13,7,2161.0753
14,7,4605.9005
15,7,1538.4289
16,7,3115.6936
17,7,-2146
18,7,-973
4,8,23796.8964
5,8,16969.2213
6,8,23178.9686
7,8,13223.477
8,8,15663.9424
9,8,4143.0801
10,8,8045.3702
11,8,3955.6439
12,8,7608.0042
13,8,3805.456
14,8,6850.3198
15,8,2732.9795
16,8,4192.2843
17,8,-757.3077
18,8,739.3077
19,8,-1937
20,8,661
5,9,18137
6,9,23468.9686
7,9,13962.8884
8,9,16794.7986
9,9,9149.9069
10,9,10431.8757
11,9,6601.3362
12,9,8101.4601
13,9,5230.337
14,9,7579.4305
15,9,3812.0656
16,9,4281.6671
17,9,730.8299
18,9,1612.4952
19,9,-199
20,9,1324.9238
21,9,-739
22,9,189
6,10,24299.9167
7,10,15557.6411
8,10,19254.1527
9,10,11636.8819
10,10,16865.3038
11,10,6761.1623
12,10,10364.2574
13,10,5200.6473
14,10,8868.9154
15,10,4155.1786
16,10,5554.7015
17,10,1501.5217
18,10,3822.4899
19,10,971.2532
20,10,3191.0012
21,10,169.844
22,10,2254
23,10,-1060
24,10,1360
7,11,17752.9059
8,11,20179.9254
9,11,14150.214
10,11,17106.6639
11,11,11067.8522
12,11,12419.7801
13,11,6959.3653
14,11,9011.231
15,11,5574.2849
16,11,6728.3282
17,11,3541.8428
18,11,4403.009
19,11,2276.6421
20,11,4299.9564
21,11,1677.1979
22,11,2931.3567
23,11,171.3166
24,11,1920
25,11,0
26,11,840
27,11,-700
28,11,0
8,12,22432.0181
9,12,14645.1614
10,12,19375.1551
11,12,13145.0063
12,12,16531.2216
13,12,7330.5219
14,12,11093.0797
15,12,6443.3687
16,12,8504.6694
17,12,3663.7325
18,12,6340.3306
19,12,2312.0974
20,12,5778.0669
21,12,2279.5444
22,12,4710.8668
23,12,754.8562
24,12,3330.9446
25,12,240
26,12,2209
27,12,-630
28,12,1297
29,12,-479
9,13,16960
10,13,19525
11,13,14868.2013
12,13,16938.4799
13,13,11365.4835
14,13,13058.0422
15,13,7725.174
16,13,9428.3609
17,13,5727.6723
18,13,7157.9103
19,13,4219.9777
20,13,5469.3317
21,13,2571.5547
22,13,5297.429
23,13,1897.2041
24,13,4212.138
25,13,1411
26,13,3051
27,13,740
28,13,2302
29,13,672
30,13,1791
9,14,17762
10,14,21276
11,14,14989.182
12,14,19039.643
13,14,13314.82
14,14,17179.6099
15,14,8473.6025
16,14,10609.1989
17,14,6587.393
18,14,9199.9699
19,14,4507.957
20,14,7548.674
21,14,2471.1141
22,14,6115.9633
23,14,2206.7049
24,14,5670.1051
25,14,1580.6672
26,14,4724.7939
27,14,538
28,14,4432
29,14,581
30,14,3091
31,14,291
10,15,21901
11,15,17288
12,15,19703
13,15,14560.1422
14,15,17876.3107
15,15,11319.3249
16,15,12311.0066
17,15,7935.65
18,15,10103.7921
19,15,6282.6692
20,15,8380.4257
21,15,3464.5535
22,15,6816.2857
23,15,3696.8704
24,15,6224.3889
25,15,3435.8718
26,15,4911.8962
27,15,1999.7084
28,15,4123
29,15,2002
30,15,3221
31,15,1191
32,15,2101
11,16,18261
12,16,21489
13,16,15238.9444
14,16,19036.1491
15,16,13054.5951
16,16,15044.3237
17,16,8641.6392
18,16,11417.1492
19,16,6985.8384
20,16,9889.2491
21,16,4303.6031
22,16,8036.1081
23,16,4372.7738
24,16,7746.496
25,16,4242.0484
26,16,6700.4858
27,16,2629.0309
28,16,5080.0937
29,16,2207
30,16,4091
31,16,1511
32,16,2882
33,16,70
12,17,22319
13,17,17419
14,17,19780.4181
15,17,14371.4714
16,17,15739.9523
17,17,11508.0637
18,17,12644.7639
19,17,8579.7945
20,17,10310.8617
21,17,6107.8823
22,17,8073.4201
23,17,5828.9185
24,17,7820.6912
25,17,5595.8963
26,17,7399.0588
27,17,4390.781
28,17,5854.8891
29,17,3543.7223
30,17,3917
31,17,2771
32,17,3051
33,17,1111
34,17,1481
35,17,2
12,18,23969
13,18,18817
14,18,21597
15,18,15255.2606
16,18,17065.3159
17,18,12740.314
18,18,15255.5716
19,18,8787.4546
20,18,11838.466
21,18,6598.6867
22,18,9869.0227
23,18,6098.9277
24,18,9426.4865
25,18,5658.4507
26,18,8734.7676
27,18,5168.859
28,18,8071.7717
29,18,3667.3371
30,18,5058.9711
31,18,2777
32,18,4241
33,18,1331
34,18,2961
35,18,-99
36,18,2302
13,19,20342
14,19,22521
15,19,16832
16,19,18024
17,19,14315.6064
18,19,15454.3377
19,19,12071.8765
20,19,13077.7537
21,19,7799.6195
22,19,10095.37
23,19,7533.8
24,19,9624.6817
25,19,7277.4215
26,19,8905.4638
27,19,6869.6041
28,19,8369.3703
29,19,4643.8184
30,19,5398.3318
31,19,4187.675
32,19,4858.9221
33,19,2693.4898
34,19,3229.4117
35,19,926
36,19,2451
37,19,562
38,19,1922
39,19,271
40,19,1252
14,20,24211
15,20,17771
16,20,19713
17,20,14756.2218
18,20,16993.7515
19,20,13295.5213
20,20,15635.0134
21,20,8362.8243
22,20,11480.7032
23,20,7932.8974
24,20,11131.1752
25,20,7414.8186
26,20,10398.6975
27,20,7276.3738
28,20,9951.5203
29,20,5146.4529
30,20,6360.5456
31,20,4814.3976
32,20,6005.28
33,20,3192.7539
34,20,3844.1978
35,20,1561.1058
36,20,2931.3336
37,20,1121
38,20,3042
39,20,731
40,20,2881
41,20,61
15,21,19021
16,21,20442
17,21,16101
18,21,17995
19,21,14421.9445
20,21,16190.3254
21,21,11549.961
22,21,12138.465
23,21,9699.2031
24,21,11327.6044
25,21,8760.64
26,21,10646.5173
27,21,8238.5588
28,21,10129.6819
29,21,6045.9914
30,21,6784.5505
31,21,5344.5257
32,21,6317.3122
33,21,3739.697
34,21,4475.4924
35,21,2745.0587
36,21,3935.1223
37,21,2171.2344
38,21,3421.2995
39,21,1792
40,21,3021
41,21,1261
42,21,2312
16,22,21871
17,22,16941
18,22,19565
19,22,14775.418
20,22,17478.1327
21,22,12282.5556
22,22,16304.3134
23,22,9532.9981
24,22,13189.3211
25,22,8880.6607
26,22,11626.6579
27,22,8142.3786
28,22,10939.1732
29,22,6372.4157
30,22,7816.0507
31,22,5475.0535
32,22,6933.6974
33,22,4159.9743
34,22,5661.8448
35,22,3050.171
36,22,4587.1382
37,22,3033
38,22,4291
39,22,2342
40,22,3901
41,22,1732
42,22,3691
43,22,1381
17,23,18172
18,23,20231
19,23,16001
20,23,18368
21,23,13963.0395
22,23,16149.6805
23,23,13260.7735
24,23,13002.4908
25,23,10542.2534
26,23,11555.4698
27,23,9332.4013
28,23,11051.1834
29,23,7311.2445
30,23,8479.9613
31,23,6117.9103
32,23,7298.1868
33,23,5129.5826
34,23,6322.9807
35,23,4066.8385
36,23,5251.3515
37,23,3548.1026
38,23,5161.0378
39,23,3107.3603
40,23,4598.2954
41,23,2651
42,23,3862
43,23,2261
44,23,3515
18,24,21421
19,24,17101
20,24,19523
21,24,14164.221
22,24,18028.0871
23,24,13162.8404
24,24,16329.5384
25,24,10582.3569
26,24,13000.3301
27,24,9260.6686
28,24,12040.1115
29,24,7939.4277
30,24,9719.0796
31,24,6246.2627
32,24,8246.1219
33,24,5311.1752
34,24,7538.141
35,24,4195.4413
36,24,6863.8875
37,24,3659.3198
38,24,6427.4274
39,24,3397.0061
40,24,5532.9966
41,24,2741
42,24,4901
43,24,2201
44,24,4492
45,24,2011
46,24,4082
19,25,17981
20,25,20511
21,25,15509
22,25,18219.9463
23,25,14801.5859
24,25,16394.5996
25,25,13078.279
26,25,13687.6569
27,25,10539.4793
28,25,12050.2812
29,25,8939.2149
30,25,10225.6135
31,25,7270.442
32,25,8645.9314
33,25,6412.6071
34,25,7769.0782
35,25,5513.9355
36,25,6845.5018
37,25,4853.153
38,25,6434.4141
39,25,4173.2977
40,25,6049.6219
41,25,3854.3662
42,25,4901
43,25,3411
44,25,4511
45,25,3161
46,25,4241
47,25,2621
48,25,3602
20,26,21269
21,26,16411
22,26,18950
23,26,14813.4724
24,26,17797.048
25,26,13784.0436
26,26,16214.2281
27,26,10686.706
28,26,13378.4501
29,26,9298.1243
30,26,11197.0596
31,26,7646.1716
32,26,10044.5723
33,26,6581.0046
34,26,8819.5347
35,26,5578.6466
36,26,8028.8719
37,26,4828.8906
38,26,7405.2409
39,26,4319.6679
40,26,6921.2629
41,26,3711.8871
42,26,6260
43,26,3374
44,26,5762
45,26,3111
46,26,5391
47,26,2811
48,26,4741
49,26,2112
50,26,3962
21,27,16961
22,27,19581
23,27,15881
24,27,17824.0613
25,27,15073.1503
26,27,16386.7154
27,27,13422.0097
28,27,14091.2467
29,27,10081.8396
30,27,11376.4582
31,27,8572.9526
32,27,10453.8636
33,27,7491.9176
34,27,9319.0592
35,27,6597.5388
36,27,8498.4717
37,27,6012.2068
38,27,7464.0817
39,27,5294.6538
40,27,6984.5604
41,27,4392.1252
42,27,6814.175
43,27,4210.8339
44,27,5916.285
45,27,4002
46,27,5741
47,27,3642
48,27,5091
49,27,3171
50,27,4321
51,27,1482
21,28,17720
22,28,20061
23,28,16262
24,28,18981
25,28,15142.2898
26,28,17718.8025
27,28,14128.9675
28,28,16643.0057
29,28,10247.63
30,28,12216.2285
31,28,8999.2797
32,28,11387.7284
33,28,7820.1037
34,28,10595.7288
35,28,6837.7698
36,28,9657.4604
37,28,6098.0807
38,28,8951.8149
39,28,5807.7129
40,28,7792.4523
41,28,4586.1516
42,28,7306.5305
43,28,4263.6853
44,28,6891.1508
45,28,3953.409
46,28,6664
47,28,3611
48,28,6021
49,28,3231
50,28,5601
51,28,1352
52,28,3151
53,28,921
54,28,2701
24,29,19331
25,29,16172
26,29,18467
27,29,15065.6479
28,29,16750.5997
29,29,12430.1547
30,29,12761.9215
31,29,10058.126
32,29,11710.1184
33,29,8874.7986
34,29,10863.6431
35,29,7915.868
36,29,9910.5771
37,29,7065.9299
38,29,9132.5825
39,29,6318.8075
40,29,8240.4961
41,29,5311.4777
42,29,7806.0719
43,29,5143.1899
44,29,7275.7566
45,29,5090.0858
46,29,6535.3248
47,29,4582.7262
48,29,5952.5186
49,29,3997.9642
50,29,5689.8828
51,29,2343
52,29,3302
53,29,1891
54,29,2732
55,29,1401
25,30,16639
26,30,19191
27,30,15232
28,30,17820
29,30,12988.1251
30,30,15030.1098
31,30,10245.7541
32,30,12890.5004
33,30,9116.6587
34,30,11861.9068
35,30,7979.3248
36,30,11058.5222
37,30,7052.4655
38,30,10198.0963
39,30,6482.07
40,30,9218.1598
41,30,5835.3561
42,30,8888.0266
43,30,5519.2341
44,30,8234.6277
45,30,4873.5139
46,30,7815.4258
47,30,4557.4972
48,30,6765.3572
49,30,4020.3778
50,30,6287.6355
51,30,2622.3681
52,30,4185.6091
53,30,2047
54,30,3611
55,30,1341
56,30,3033
26,31,19641
27,31,16201
28,31,18292
29,31,13902
30,31,15616
31,31,12923.6776
32,31,12631.3959
33,31,10357.045
34,31,11895.9779
35,31,9137.5602
36,31,11226.7454
37,31,8278.2165
38,31,10313.0833
39,31,7653.6486
40,31,9300.2946
41,31,6520.4752
42,31,9182.3777
43,31,6421.6005
44,31,8482.3312
45,31,5907.3269
46,31,7767.0225
47,31,5783.0509
48,31,6915.5881
49,31,4746.6373
50,31,6475.6051
51,31,3374.0819
52,31,4397.7212
53,31,2908.3258
54,31,3721.2406
55,31,2087
56,31,3181
57,31,1592
27,32,16862
28,32,19232
29,32,14331
30,32,16421
31,32,12853
32,32,15465.6
33,32,10234.0385
34,32,13200.1354
35,32,9137.9954
36,32,12376.3989
37,32,8193.1934
38,32,11532.6802
39,32,7415.9386
40,32,10750.5714
41,32,6782.9403
42,32,10196.2366
43,32,6505.84
44,32,9427.2434
45,32,6071.29
46,32,8720.5063
47,32,5736.4394
48,32,8079.4528
49,32,4827.6989
50,32,7194.6981
51,32,3632.6851
52,32,5243.3111
53,32,3046.3096
54,32,4347.8181
55,32,2262
56,32,4001
57,32,1592
58,32,3501
28,33,19631
29,33,15291
30,33,17152
31,33,14103
32,33,15476
33,33,13159.3454
34,33,12633.4666
35,33,10378.6133
36,33,12288.9721
37,33,9293.1099
38,33,11630.6016
39,33,8407.8695
40,33,10794.2664
41,33,7978.6253
42,33,10245.4572
43,33,7328.4988
44,33,9696.2686
45,33,6971.9534
46,33,8890.4294
47,33,6649.8383
48,33,8390.0309
49,33,5643.4314
50,33,7635.2221
51,33,4255.5547
52,33,5406.902
53,33,3844.3157
54,33,4727.082
55,33,2903
56,33,4152
57,33,2532
58,33,3581
59,33,1951
30,34,18081
31,34,14231
32,34,16712
33,34,12991
34,34,15680.4728
35,34,10316.5835
36,34,13566.5034
37,34,9287.9332
38,34,12792.9921
39,34,8430.5254
40,34,12057.1324
41,34,8027.5966
42,34,11153.7883
43,34,7418.8557
44,34,10497.7727
45,34,6962.8323
46,34,9913.3395
47,34,6700.8499
48,34,9276.1941
49,34,5817.9662
50,34,8678.5055
51,34,4537.2325
52,34,6160.8484
53,34,3994.2756
54,34,5529.3885
55,34,3179.5133
56,34,4879.1424
57,34,2851.2251
58,34,4215
59,34,2208
60,34,4015
61,34,1728
31,35,15151
32,35,17031
33,35,14333
34,35,15539
35,35,13237.4672
36,35,13148.1176
37,35,10630.642
38,35,12655.3542
39,35,9713.6928
40,35,11890.1764
41,35,9253.3767
42,35,11017.0575
43,35,8288.6683
44,35,10687.2175
45,35,7892.2756
46,35,10159.3438
47,35,7592.9439
48,35,9586.3626
49,35,6840.6913
50,35,8863.7022
51,35,5128.1008
52,35,6330.7422
53,35,4895.5999
54,35,5629.6222
55,35,3797.3528
56,35,5178.3133
57,35,3196.8292
58,35,4728.7407
59,35,2831
60,35,4272
61,35,2431
62,35,3862
63,35,2121
32,36,18146
33,36,14585
34,36,17031
35,36,13298
36,36,15684.6892
37,36,10682.4939
38,36,13851.4042
39,36,10063.1057
40,36,12761.3923
41,36,9227.0636
42,36,12080.1499
43,36,8335.3244
44,36,11522.4833
45,36,7874.0622
46,36,10966.9141
47,36,7470.1663
48,36,10520.02
49,36,7112.3134
50,36,9856.6533
51,36,5515.173
52,36,7053.0826
53,36,4915.8171
54,36,6494.783
55,36,4086.0324
56,36,5866.6729
57,36,3437.9919
58,36,5283.0954
59,36,2882.4586
60,36,4994.0793
61,36,2413.135
62,36,4768
63,36,2351
64,36,4141
65,36,2181
35,37,14111
36,37,15753
37,37,13975.7229
38,37,13374.0038
39,37,11331.7049
40,37,12422.7292
41,37,10176.2455
42,37,11938.669
43,37,9444.0163
44,37,11352.5453
45,37,8802.4271
46,37,10954.1448
47,37,8759.6532
48,37,10479.6842
49,37,8650.98
50,37,9922.117
51,37,6082.521
52,37,7174.7123
53,37,5724.4921
54,37,6450.7939
55,37,5098.719
56,37,5918.7687
57,37,4014.2091
58,37,5398.834
59,37,3535.3618
60,37,5236.1117
61,37,3921.326
62,37,4823.3157
63,37,3216.0521
64,37,4372.8514
65,37,2756.2127
66,37,3979
67,37,2361
36,38,16948
37,38,13863
38,38,15700.2618
39,38,11627.1158
40,38,13441.8243
41,38,10377.0328
42,38,12903.1213
43,38,9287.9848
44,38,12553.2462
45,38,8858.8712
46,38,11923.2828
47,38,8525.0275
48,38,11491.1281
49,38,8428.2947
50,38,11112.8704
51,38,6358.7158
52,38,7813.2364
53,38,5772.3228
54,38,7286.7392
55,38,5289.7909
56,38,6831.1954
57,38,4342.8816
58,38,5872.2815
59,38,3733.7442
60,38,5913.0325
61,38,4167.4563
62,38,5370.2959
63,38,3578.7279
64,38,4905.7149
65,38,3192
66,38,4551
67,38,2502
68,38,4181
69,38,2021
37,39,14501
38,39,16260
39,39,13806
40,39,13701
41,39,11416.5454
42,39,12636.0742
43,39,10422.4969
44,39,12212.8927
45,39,9760.0853
46,39,12019.0101
47,39,9512.2866
48,39,11806.6053
49,39,9351.9598
50,39,11483.4915
51,39,6857.0282
52,39,7925.7267
53,39,6536.4915
54,39,7481.979
55,39,6195.6353
56,39,6927.7826
57,39,5193.3668
58,39,5856.7869
59,39,4244.6109
60,39,6426.3009
61,39,4748.8287
62,39,5804.8636
63,39,4189.1728
64,39,5355.7103
65,39,3694
66,39,4561
67,39,3292
68,39,4251
69,39,2881
70,39,3772
38,40,17321
39,40,13992
40,40,16061
41,40,10836
42,40,14160.963
43,40,10368.9143
44,40,13581.3507
45,40,9824.822
46,40,12865.1454
47,40,9449.4412
48,40,12353.0453
49,40,9320.418
50,40,11965.8916
51,40,7194.3628
52,40,8634.7499
53,40,6734.3219
54,40,8218.6219
55,40,6461.9268
56,40,7850.2378
57,40,5569.151
58,40,6416.3826
59,40,4406.2308
60,40,6827.3838
61,40,4859.569
62,40,6491.7581
63,40,4298.8847
64,40,5979.9844
65,40,3811.9319
66,40,5362
67,40,3342
68,40,5001
69,40,2851
70,40,4561
71,40,2331
72,40,4011
73,40,1991
39,41,14841
40,41,16011
41,41,13521
42,41,13875
43,41,11652.2503
44,41,13157.1597
45,41,10925.6947
46,41,12811.7502
47,41,10368.3802
48,41,12525.5176
49,41,10107.0942
50,41,12047.8149
51,41,7886.5808
52,41,8830.8677
53,41,7227.5412
54,41,8488.5265
55,41,6887.8769
56,41,8071.2844
57,41,5993.1336
58,41,6882.0497
59,41,5527.22
60,41,7171.5602
61,41,5478.095
62,41,6801.7207
63,41,4853.6471
64,41,6175.8681
65,41,4358.4497
66,41,5592.4444
67,41,3892.7111
68,41,5215.92
69,41,3691.4328
70,41,4722
71,41,3181
72,41,4211
73,41,2821
74,41,3991
75,41,2422
40,42,16981
41,42,14041
42,42,15901
43,42,11411
44,42,14672.4849
45,42,10845.2082
46,42,13873.0539
47,42,10399.7092
48,42,13228.8882
49,42,10107.6379
50,42,12671.071
51,42,8069.81
52,42,9678.3184
53,42,7369.1111
54,42,9154.335
55,42,6821.1292
56,42,8642.5979
57,42,5925.4439
58,42,8294.2406
59,42,5398.2409
60,42,8112.2321
61,42,5464.7839
62,42,7460.7344
63,42,5058.358
64,42,6868.5336
65,42,4488.2898
66,42,6275.6407
67,42,3981.3053
68,42,5947.8479
69,42,3475.3171
70,42,5611
71,42,3242
72,42,5102
73,42,2941
74,42,4732
75,42,2550
76,42,4752
77,42,2281
41,43,14452
42,43,16221
43,43,13792
44,43,14191
45,43,12051.568
46,43,13795.8732
47,43,11401.1576
48,43,13333.2792
49,43,11010.3637
50,43,12751.7312
51,43,8623.5337
52,43,9934.3412
53,43,7871.6114
54,43,9474.1063
55,43,7279.0955
56,43,8966.9734
57,43,6764.4
58,43,8394.9596
59,43,6299.6467
60,43,8102.317
61,43,5966.3668
62,43,7858.6525
63,43,5561.2672
64,43,7045.0325
65,43,5244.1816
66,43,6431.316
67,43,4823.0531
68,43,6061.43
69,43,4305.5747
70,43,5623.9347
71,43,3860.0633
72,43,5268
73,43,3488
74,43,4997
75,43,3222
76,43,4951
77,43,2902
78,43,4612
79,43,2836
42,44,17211
43,44,14031
44,44,16681
45,44,12101
46,44,14585.6952
47,44,11427.3497
48,44,14132.6961
49,44,10986.8305
50,44,13438.197
51,44,8945.4746
52,44,10693.9444
53,44,8111.4972
54,44,10175.6252
55,44,7471.8315
56,44,9673.3245
57,44,6802.0395
58,44,9219.6402
59,44,6232.0509
60,44,8899.9139
61,44,5910.0975
62,44,8460.0277
63,44,5610.631
64,44,7870.1566
65,44,5148.3692
66,44,7405.4918
67,44,4784.0145
68,44,6916.8656
69,44,4308.2612
70,44,6424.7149
71,44,3955.4006
72,44,6034.9397
73,44,3492.2718
74,44,5581
75,44,3151
76,44,5712
77,44,2971
78,44,5231
79,44,2841
80,44,5111
81,44,2851
44,45,16862
45,45,14054
46,45,15007
47,45,12501
48,45,14084.0324
49,45,11967.1318
50,45,13504.3112
51,45,9418.4338
52,45,10981.1501
53,45,8648.9723
54,45,10480.6212
55,45,8077.9264
56,45,9892.6161
57,45,7442.2061
58,45,9319.7075
59,45,6998.9566
60,45,8963.2442
61,45,6582.7043
62,45,8572.3729
63,45,6238.7626
64,45,8039.4133
65,45,5900.7599
66,45,7546.4963
67,45,5498.499
68,45,7107.2099
69,45,5014.6495
70,45,6590.2711
71,45,4577.8322
72,45,6232.334
73,45,4061.3992
74,45,6007.2806
75,45,3868
76,45,5702
77,45,3701
78,45,5382
79,45,3591
80,45,5191
81,45,3442
82,45,4602
83,45,1681
45,46,14531
46,46,16681
47,46,12274.0324
48,46,15191.789
49,46,11934.9504
50,46,14288.8247
51,46,9693.751
52,46,11586.451
53,46,8933.194
54,46,11101.129
55,46,8290.7904
56,46,10542.1364
57,46,7625.3353
58,46,10009.4607
59,46,7094.1
60,46,9560.9561
61,46,6536.429
62,46,9222.8795
63,46,6153.5865
64,46,8795.7387
65,46,5726.3
66,46,8406.4711
67,46,5340.7784
68,46,7971.1649
69,46,5006.7936
70,46,7476.5223
71,46,4664.1814
72,46,7035.7862
73,46,4090.2374
74,46,6943.6452
75,46,3974.0512
76,46,6505.1495
77,46,3884.8976
78,46,6042
79,46,3631
80,46,5902
81,46,3501
82,46,5241
83,46,1561
84,46,2921
85,46,1081
46,47,16941
47,47,14074
48,47,15575
49,47,12677
50,47,14463.6996
51,47,10233.7158
52,47,11717.3762
53,47,9496.8046
54,47,11267.7328
55,47,8983.6355
56,47,10627.3189
57,47,8385.0857
58,47,10025.6965
59,47,7942.8691
60,47,9535.6183
61,47,7271.41
62,47,9183.9572
63,47,6809.1936
64,47,8829.4589
65,47,6439.6
66,47,8514.4139
67,47,5975.3039
68,47,8123.0941
69,47,5631.3954
70,47,7710.572
71,47,5443.2022
72,47,7163.2746
73,47,5077.0712
74,47,6822.6371
75,47,4774.6053
76,47,6533.7807
77,47,4732.688
78,47,6361.3064
79,47,4272
80,47,6001
81,47,4132
82,47,5231
83,47,2099
84,47,2924
85,47,1721
86,47,2752
47,48,14687
48,48,16587
49,48,13234
50,48,14973.7158
51,48,10366.0252
52,48,12334.7816
53,48,9713.1882
54,48,11894.554
55,48,9063.2428
56,48,11388.083
57,48,8436.7762
58,48,10869.6215
59,48,7929.4907
60,48,10333.4152
61,48,7323.2259
62,48,9914.9571
63,48,6975.5956
64,48,9393.9283
65,48,6539.7471
66,48,9042.9656
67,48,6140.8639
68,48,8699.3272
69,48,5777.2262
70,48,8354.5701
71,48,5346.6077
72,48,8051.7448
73,48,5187.7893
74,48,7609.8657
75,48,4873.1171
76,48,7356.5712
77,48,4719.9718
78,48,6978.955
79,48,4556.7901
80,48,6568.3641
81,48,3955.2147
82,48,6066.7739
83,48,2165.4809
84,48,3324.987
85,48,1746
86,48,3391
87,48,1432
48,49,17371
49,49,14588
50,49,15541
51,49,10873
52,49,12438.0733
53,49,10221.3123
54,49,12008.8195
55,49,9621.5957
56,49,11529.2255
57,49,9038.8857
58,49,11029.8353
59,49,8624.4794
60,49,10441.0156
61,49,8051.7618
62,49,9993.3984
63,49,7669.395
64,49,9448.3147
65,49,7274.0018
66,49,9037.8675
67,49,6784.72
68,49,8764.5947
69,49,6356.4596
70,49,8541.7997
71,49,6100.4005
72,49,8178.1703
73,49,5808.0859
74,49,7928.9909
75,49,5510.0628
76,49,7615.8474
77,49,5468.3873
78,49,7141.8378
79,49,5381.5379
80,49,6716.0902
81,49,5142.959
82,49,6189.1576
83,49,2458.5024
84,49,3350
85,49,2351
86,49,3212
87,49,1931
88,49,2931
50,50,17243
51,50,11228.7963
52,50,12700.5893
53,50,10229
54,50,12606
55,50,9782.2623
56,50,12087.0142
57,50,9229.8593
58,50,11629.0281
59,50,8631.5497
60,50,11283.1301
61,50,8167.9061
62,50,10787.7866
63,50,7744.3982
64,50,10302.924
65,50,7545.4285
66,50,9563.4512
67,50,6943.0816
68,50,9326.4187
69,50,6483.4596
70,50,9104.0742
71,50,6170.2034
72,50,8814.6449
73,50,5946.0478
74,50,8488.1109
75,50,5733.5
76,50,8192.7963
77,50,5525.7604
78,50,7963.17
79,50,5300.4851
80,50,7612.9379
81,50,5203.6802
82,50,7353.2928
83,50,2398.6548
84,50,3631.1864
85,50,2269.8116
86,50,3609
87,50,2051
88,50,3432
89,50,1871
90,50,3252
52,51,13642
53,51,10696
54,51,12792
55,51,10529.1282
56,51,12251.2653
57,51,9863.4105
58,51,11876.9636
59,51,9270.0761
60,51,11458.3202
61,51,8833.5446
62,51,10889.3105
63,51,8150.9688
64,51,10578.1139
65,51,7889.9257
66,51,9888.8619
67,51,7427.9581
68,51,9550.6538
69,51,7012.9118
70,51,9253.3416
71,51,6806.3659
72,51,8960.004
73,51,6467.4963
74,51,8707.3432
75,51,6209.3597
76,51,8376.4764
77,51,6002.8758
78,51,8070.8506
79,51,5727.6207
80,51,7767.0428
81,51,5725.188
82,51,7359.5496
83,51,3166.8089
84,51,3742.6463
85,51,2887.8754
86,51,3624.8209
87,51,2661
88,51,3472
89,51,2412
90,51,3221
91,51,2141
53,52,11255.9961
54,52,13479.5684
55,52,10509
56,52,13196
57,52,10005.0412
58,52,12585.7392
59,52,9428.9845
60,52,12051.3493
61,52,8850.8374
62,52,11613.9571
63,52,8244.409
64,52,11272.3432
65,52,7903.0258
66,52,10666.5756
67,52,7563.0996
68,52,10250.9389
69,52,7252.2683
70,52,9841.4893
71,52,6929.0139
72,52,9424.4821
73,52,6568.9703
74,52,9113.6918
75,52,6287.6472
76,52,8784.6148
77,52,6082.4087
78,52,8419.3935
79,52,5929.38
80,52,8048.4936
81,52,5820.2539
82,52,7667.9375
83,52,3266.356
84,52,4767.807
85,52,2949.801
86,52,4463.5506
87,52,2580.4036
88,52,4233.687
89,52,2373
90,52,3951
91,52,2052
92,52,3761
93,52,1861
54,53,14201
55,53,11413
56,53,12973
57,53,10866.6567
58,53,12557.2689
59,53,10180.8619
60,53,12127.496
61,53,9590.7363
62,53,11770.188
63,53,9154.1671
64,53,11089.2325
65,53,8603.8063
66,53,10877.9931
67,53,8040.7469
68,53,10569.8068
69,53,7904.9508
70,53,9934.6241
71,53,7493.2849
72,53,9542.7872
73,53,7145.7906
74,53,9144.0384
75,53,6826.1315
76,53,8840.464
77,53,6500.33
78,53,8577.8573
79,53,6332.0924
80,53,8225.1183
81,53,6257.456
82,53,7807.0579
83,53,3837.363
84,53,4882.3619
85,53,3694.9592
86,53,4562.3722
87,53,3206.5769
88,53,4391.7612
89,53,2947.6216
90,53,4058
91,53,2612
92,53,3871
93,53,2481
94,53,3731
55,54,11608.5079
56,54,13824.4081
57,54,10669
58,54,13578
59,54,10248.5967
60,54,12953.5905
61,54,9642.1765
62,54,12461.4382
63,54,9209.7876
64,54,11965.0383
65,54,8786.7391
66,54,11449.2642
67,54,8379.8803
68,54,10945.3096
69,54,7964.5877
70,54,10490.4652
71,54,7603.2739
72,54,10018.3442
73,54,7245.8143
74,54,9610.9692
75,54,6906.8535
76,54,9255.7227
77,54,6604.4186
78,54,8936.7176
79,54,6435.9266
80,54,8553.5695
81,54,6358.8484
82,54,8087.1234
83,54,4025.562
84,54,5660.1482
85,54,3743.66
86,54,5413.1933
87,54,3282.1654
88,54,5103.6578
89,54,3044.5518
90,54,4740.7372
91,54,2692.3538
92,54,4532.9314
93,54,2516
94,54,4321
95,54,2422
96,54,4061
57,55,11586
58,55,13421
59,55,10992.7075
60,55,13085
61,55,10414
62,55,12522
63,55,9987.594
64,55,11967.0027
65,55,9654.9054
66,55,11285.0112
67,55,9113.745
68,55,10970.206
69,55,8768.7219
70,55,10419.9999
71,55,8332.2587
72,55,9960.662
73,55,7763.0638
74,55,9638.5955
75,55,7472.0226
76,55,9227.1376
77,55,7168.4372
78,55,8989.5679
79,55,6891.5403
80,55,8762.1093
81,55,6828.2166
82,55,8278.2353
83,55,4412.5739
84,55,5885.3783
85,55,4419.9679
86,55,5498.9309
87,55,4108.5233
88,55,5232.2804
89,55,3667.1613
90,55,4854.38
91,55,3327.2745
92,55,4681.0103
93,55,3062.1954
94,55,4460
95,55,2942
96,55,4181
97,55,2921
58,56,14267
59,56,11086
60,56,13531
61,56,11150
62,56,12813
63,56,10462
64,56,12369.8705
65,56,9927.5164
66,56,11935.4228
67,56,9117.3296
68,56,11506.1405
69,56,8650.5084
70,56,11072.2554
71,56,8219.3598
72,56,10622.5186
73,56,7763.0282
74,56,10267.2287
75,56,7493.5
76,56,9827.2629
77,56,7189.927
78,56,9467.8082
79,56,6971.9707
80,56,9107.7424
81,56,6905.6397
82,56,8611.723
83,56,4723.43
84,56,6425.3055
85,56,4535.905
86,56,6181.083
87,56,4166.2663
88,56,5901.2426
89,56,3820.3713
90,56,5421.4036
91,56,3469.0852
92,56,5352.1936
93,56,3357.0264
94,56,5130.498
95,56,3121
96,56,4741
97,56,2931
98,56,4521
60,57,14292
61,57,11420
62,57,13471
63,57,10622
64,57,12692
65,57,10424
66,57,12179
67,57,9679
68,57,11572.1933
69,57,9285.3014
70,57,10993.9588
71,57,8800.6405
72,57,10769.4202
73,57,8375.1513
74,57,10213.2084
75,57,8025.6309
76,57,9842.1323
77,57,7795.5851
78,57,9496.1168
79,57,7465.3482
80,57,9174.6956
81,57,7443.8609
82,57,8780.2909
83,57,5160.9966
84,57,6689.1023
85,57,5165.4246
86,57,6218.8354
87,57,4749.5103
88,57,6056.9838
89,57,4457.1663
90,57,5528.5415
91,57,4101.6628
92,57,5582.4967
93,57,4162.5447
94,57,5070.5098
95,57,4051
96,57,4841
97,57,3541
98,57,4472
99,57,3191
100,57,4091
62,58,13981
63,58,11032
64,58,13255
65,58,10484
66,58,12701
67,58,9813
68,58,12234
69,58,9230.0967
70,58,11625.8996
71,58,8824.8968
72,58,11206.7272
73,58,8356.8529
74,58,10831.5578
75,58,8020.8536
76,58,10485.9931
77,58,7854.7274
78,58,9963.5603
79,58,7481.5335
80,58,9718.4194
81,58,7463.1928
82,58,9187.8037
83,58,5428.1487
84,58,7173.1561
85,58,5144.8007
86,58,6896.8818
87,58,4706.4346
88,58,6630.128
89,58,4459.3514
90,58,6455.8405
91,58,4342.8144
92,58,6248.2602
93,58,4449.5134
94,58,5827
95,58,4001
96,58,5381
97,58,3632
98,58,5111
99,58,3182
100,58,4681
101,58,2872
63,59,11300
64,59,13521
65,59,10992
66,59,12991
67,59,10325
68,59,12291
69,59,9859
70,59,11514.1203
71,59,9473.2167
72,59,11196.5174
73,59,8998.118
74,59,10781.4456
75,59,8661.7263
76,59,10479.1904
77,59,8475.867
78,59,9932.711
79,59,7998.371
80,59,9771.1038
81,59,7928.8927
82,59,9399.6246
83,59,5843.1515
84,59,7353.1508
85,59,5753.7066
86,59,6946.7202
87,59,5118.814
88,59,6841.9248
89,59,5162.6774
90,59,6575.2387
91,59,5332.454
92,59,6550.4904
93,59,5049.7067
94,59,5881.7376
95,59,4362.4307
96,59,5627.0511
97,59,4105.2897
98,59,5056.8168
99,59,3787
100,59,4691
101,59,3501
102,59,4361
65,60,11311
66,60,13382
67,60,10601
68,60,12692
69,60,9916
70,60,12293
71,60,9243.119
72,60,11729.0928
73,60,8977.8831
74,60,11385.3806
75,60,8638.4951
76,60,11056.9958
77,60,8455.9897
78,60,10504.5309
79,60,8071.0659
80,60,10311.6347
81,60,8005.5915
82,60,9829.8537
83,60,6123.573
84,60,7817.0359
85,60,5755.2943
86,60,7565.2299
87,60,5292.1962
88,60,7332.5894
89,60,5038.7871
90,60,7375.7344
91,60,5334.5503
92,60,7277.798
93,60,5252.0343
94,60,6320.5407
95,60,4775.5119
96,60,5989.6518
97,60,4363.3048
98,60,5412.3248
99,60,3960.2019
100,60,5071.8259
101,60,3577
102,60,4851
103,60,3141
66,61,13631
67,61,10981
68,61,13032
69,61,10361
70,61,12372
71,61,9929
72,61,11851
73,61,9427.5735
74,61,11369.7387
75,61,9178.9118
76,61,10974.2535
77,61,8912.8298
78,61,10657.9765
79,61,8782.3361
80,61,10382.2035
81,61,8689.922
82,61,9890.4463
83,61,6526.7705
84,61,7922.7078
85,61,6258.1722
86,61,7658.9417
87,61,5895.2108
88,61,7269.8459
89,61,5604.2492
90,61,7860.2426
91,61,5939.5263
92,61,7464.8529
93,61,5689.917
94,61,6744.7215
95,61,5298.1598
96,61,6201.5866
97,61,4880.345
98,61,5519.5264
99,61,4411.6056
100,61,5263.2683
101,61,4025
102,61,4991
103,61,3472
104,61,4382
67,62,11251
68,62,13441
69,62,10652
70,62,12931
71,62,10163
72,62,12216
73,62,9552
74,62,12024.995
75,62,9252.0743
76,62,11577.4352
77,62,8953.7747
78,62,11147.0344
79,62,8549.3321
80,62,11119.2881
81,62,8606.5234
82,62,10519.8093
83,62,6757.0992
84,62,8416.2711
85,62,6341.0056
86,62,8141.3368
87,62,5871.1496
88,62,7986.7556
89,62,5596.4623
90,62,8257.8154
91,62,5868.4
92,62,7966.8226
93,62,5806.96
94,62,7240.8477
95,62,5388.2364
96,62,6645.5135
97,62,5027.3184
98,62,6096.6411
99,62,4510.1891
100,62,5778.328
101,62,4291.8762
102,62,5397.021
103,62,3656
104,62,5011
105,62,2951
106,62,4382
68,63,14022
69,63,10808
70,63,13107
71,63,10636
72,63,12419
73,63,10167
74,63,11974
75,63,9675.0901
76,63,11719.6939
77,63,9659.2121
78,63,11011.0195
79,63,9454.6008
80,63,11003.6994
81,63,9449.1817
82,63,10443.6676
83,63,7197.397
84,63,8498.3262
85,63,6824.189
86,63,8215.1528
87,63,6422.3707
88,63,7932.0467
89,63,6306.7198
90,63,8550.2846
91,63,6442.2184
92,63,8151.2882
93,63,6335.8253
94,63,7447.6081
95,63,5882.6452
96,63,6844.2424
97,63,5521.3811
98,63,6369.4705
99,63,5002.6608
100,63,5922.193
101,63,4729.6452
102,63,5568.2753
103,63,4091
104,63,5092
105,63,3552
106,63,4481
107,63,3271
70,64,13541
71,64,10791
72,64,12911
73,64,10195
74,64,12517
75,64,10043
76,64,12222
77,64,9513.2709
78,64,11806.6094
79,64,9343.1068
80,64,11599.5184
81,64,9238.4326
82,64,11230.5156
83,64,7342.4228
84,64,8983.8093
85,64,6929.0721
86,64,8708.1959
87,64,6496.1874
88,64,8589.7014
89,64,6246.9584
90,64,8894.7322
91,64,6435.2581
92,64,8536.3531
93,64,6359.8805
94,64,7937.3919
95,64,5943.2059
96,64,7451.5206
97,64,5635.4
98,64,6845.8963
99,64,5179.1889
100,64,6376.4148
101,64,4903.4126
102,64,5916.462
103,64,4476.1239
104,64,5445
105,64,3812
106,64,5031
107,64,3432
108,64,4832
71,65,10918
72,65,13139
73,65,10705
74,65,12601
75,65,10423
76,65,12129.8829
77,65,10089.9974
78,65,11930.9883
79,65,10020.3134
80,65,12102.8232
81,65,9435.2694
82,65,11050.3476
83,65,7865.5913
84,65,9023.0108
85,65,7688.4674
86,65,8589.0699
87,65,7165.081
88,65,8667.6245
89,65,6914.4147
90,65,9165.0508
91,65,6911.889
92,65,8744.1561
93,65,6778.3531
94,65,8133.0163
95,65,6375.2101
96,65,7696.622
97,65,6489.0883
98,65,6787.5239
99,65,5580.5479
100,65,6555.1841
101,65,5291.2462
102,65,6145.6228
103,65,4969.4169
104,65,5771
105,65,4301
106,65,5132
107,65,3991
108,65,4891
109,65,3531
73,66,10841
74,66,13201
75,66,10624
76,66,12808
77,66,10121
78,66,12472.4601
79,66,9743.8344
80,66,12383.6382
81,66,9712.4375
82,66,11734.6677
83,66,7905.9116
84,66,9686.946
85,66,7514.088
86,66,9436.8931
87,66,7096.5515
88,66,9322.1361
89,66,6833.2427
90,66,9444.7652
91,66,6966.6008
92,66,9053.8008
93,66,6831.3864
94,66,8576.5231
95,66,6454.3869
96,66,8196.9934
97,66,6271.0063
98,66,7658.1091
99,66,5715.958
100,66,7043.5
101,66,5398.2985
102,66,6718.265
103,66,5108.9299
104,66,6185
105,66,4371
106,66,5821
107,66,4052
108,66,5461
109,66,3671
110,66,4952
74,67,13118
75,67,10957
76,67,12869
77,67,10633
78,67,12581.9106
79,67,10189.4318
80,67,12590.1922
81,67,10305.3834
82,67,11726.0054
83,67,8371.3562
84,67,9748.1723
85,67,8053.2077
86,67,9478.7561
87,67,7698.6227
88,67,9471.7385
89,67,7569.9221
90,67,9365.7776
91,67,7425.8521
92,67,9213.5419
93,67,7124.1231
94,67,8885.1867
95,67,6915.5869
96,67,8408.7822
97,67,6673.8085
98,67,7988.8182
99,67,6243.6397
100,67,7280.4377
101,67,5851.0907
102,67,6808.0965
103,67,5512.8222
104,67,6351.6265
105,67,5037
106,67,5938
107,67,4590
108,67,5501
109,67,4162
110,67,4961
111,67,3922
75,68,11302
76,68,13519
77,68,10704
78,68,13153
79,68,10357.1127
80,68,12942.5008
81,68,10333.9419
82,68,12161.0201
83,68,8506.2854
84,68,10305.2462
85,68,8037.7816
86,68,10209.61
87,68,7675.5163
88,68,10073.8288
89,68,7273.2831
90,68,9961.4856
91,68,7328.623
92,68,9574.3743
93,68,7208.4401
94,68,9204.2301
95,68,6904.5204
96,68,8846.4785
97,68,6650.0975
98,68,8474.1101
99,68,6436.4291
100,68,7771.2936
101,68,6003.25
102,68,7257.6687
103,68,5681.6265
104,68,6836.0741
105,68,5243
106,68,6367
107,68,4774
108,68,6050
109,68,4299
110,68,5473
111,68,3891
112,68,5172
76,69,13495
77,69,11544
78,69,12990
79,69,10861.945
80,69,13247
81,69,10622
82,69,12352
83,69,9019.9833
84,69,10323.6491
85,69,8525.8508
86,69,10270.0969
87,69,8279.8139
88,69,9946.1799
89,69,8065.2394
90,69,9938.522
91,69,7801.951
92,69,9668.9957
93,69,7650.0857
94,69,9322.2486
95,69,7251.8483
96,69,9092.3994
97,69,7027.7717
98,69,8727.9566
99,69,6840.5801
100,69,8033.5936
101,69,6591.978
102,69,7486.2753
103,69,6234.6007
104,69,6953.8314
105,69,5679.7715
106,69,6517.3539
107,69,5132.0841
108,69,6270
109,69,4742
110,69,5731
111,69,4341
112,69,5341
113,69,4122
79,70,11171
80,70,13572
81,70,10783
82,70,12799.3524
83,70,8961
84,70,10844
85,70,8641.8392
86,70,10834.2418
87,70,8225.6925
88,70,10661.0265
89,70,7895.2146
90,70,10401.0278
91,70,7742.3393
92,70,10058.2332
93,70,7544.033
94,70,9789.6105
95,70,7354.5352
96,70,9369.6367
97,70,7067.5119
98,70,9061.2843
99,70,6866.9786
100,70,8459.7197
101,70,6614.2073
102,70,8019.9563
103,70,6367.0959
104,70,7464.6045
105,70,5822.3539
106,70,6867.0841
107,70,5566.4
108,70,6762.0528
109,70,5034
110,70,6152
111,70,4439
112,70,5883
113,70,4171
114,70,5672
115,70,3951
80,71,13600
81,71,11193
82,71,13025
83,71,9363
84,71,10950
85,71,9225.8116
86,71,10811.5863
87,71,8843.7006
88,71,10567.7267
89,71,8632.6513
90,71,10363.725
91,71,8340.7279
92,71,10030.9736
93,71,7922.279
94,71,9871.1901
95,71,7650.0573
96,71,9576.6125
97,71,7617.8683
98,71,9081.0137
99,71,7295.0247
100,71,8593.5498
101,71,6978.9284
102,71,8216.2563
103,71,6760.5959
104,71,7666.7045
105,71,6287.9727
106,71,7072.8878
107,71,6025.2959
108,71,6792.4505
109,71,5688.781
110,71,6192.2565
111,71,5044
112,71,6017
113,71,4656
114,71,5731
115,71,4431
116,71,5521
117,71,4122
82,72,13501
83,72,9651
84,72,11581
85,72,9107
86,72,11319
87,72,8821.5247
88,72,11157.4592
89,72,8448.3882
90,72,10923.9265
91,72,8172.2126
92,72,10620.3539
93,72,7888.4745
94,72,10294.7945
95,72,7680.0905
96,72,9964.1141
97,72,7427.6556
98,72,9608.2833
99,72,7248.8088
100,72,9042.1985
101,72,7080.8762
102,72,8504.1115
103,72,6708.498
104,72,8165.9828
105,72,6375.6356
106,72,7625.9385
107,72,6098.9886
108,72,7387.7579
109,72,5694.8
110,72,6717.9963
111,72,5305.2286
112,72,6287.2242
113,72,4891.6698
114,72,6175.7276
115,72,4647
116,72,5901
117,72,4392
118,72,5721
83,73,10084
84,73,11666
85,73,9594
86,73,11392
87,73,9455.8609
88,73,11026.1935
89,73,9074.1475
90,73,10824.5473
91,73,8819.4892
92,73,10636.3847
93,73,8321.2266
94,73,10324.6023
95,73,8114.1668
96,73,9967.8401
97,73,7918.553
98,73,9653.9265
99,73,7681.022
100,73,9137.8788
101,73,7415.5462
102,73,8739.1993
103,73,7028.0447
104,73,8420.684
105,73,6955
106,73,7830
107,73,6647.4927
108,73,7576.7514
109,73,6062.9387
110,73,6934.18
111,73,5617.2242
112,73,6626.2364
113,73,5284.5492
114,73,6359.2658
115,73,5086
116,73,6121
117,73,4832
118,73,5871
119,73,4652
120,73,5781
121,73,4392
84,74,12074
85,74,9813
86,74,11966
87,74,9249
88,74,11564
89,74,8980.54
90,74,11398.4345
91,74,8697.0792
92,74,11097.4729
93,74,8277.0592
94,74,10871.0363
95,74,8096.2543
96,74,10444.2561
97,74,7866.609
98,74,10082.4138
99,74,7701.5149
100,74,9571.0236
101,74,7477.0248
102,74,9080.1262
103,74,7131.4405
104,74,8776.6529
105,74,6959.4991
106,74,8412.3142
107,74,6669.02
108,74,8083.5172
109,74,6190.8368
110,74,7411.1081
111,74,5753.7364
112,74,7192.0492
113,74,5466.7595
114,74,6835.1547
115,74,5213
116,74,6631
117,74,4878.6619
118,74,6515
119,74,4642
120,74,6291
121,74,4401
122,74,6071
123,74,4202
85,75,10145
86,75,12036
87,75,9681
88,75,11621
89,75,9541.5065
90,75,11258.2303
91,75,9249.2997
92,75,11068
93,75,9032
94,75,10685.6759
95,75,8566.0672
96,75,10417.6067
97,75,8387.8718
98,75,10058.3492
99,75,8190.5493
100,75,9686.5288
101,75,7845.8965
102,75,9277.6029
103,75,7455.6005
104,75,9002.1726
105,75,7324.3695
106,75,8751.3662
107,75,7000.0503
108,75,8434.8368
109,75,6481.4748
110,75,7670.5462
111,75,6179.5909
112,75,7360.5462
113,75,5871.65
114,75,7033.5345
115,75,5675.236
116,75,6838.7114
117,75,5309.7381
118,75,6714.1312
119,75,5100
120,75,6371
121,75,4871
122,75,6062
123,75,4711
124,75,5811
86,76,12375
87,76,9908
88,76,12160
89,76,9393
90,76,11756
91,76,9138.6522
92,76,11567.4525
93,76,8799.3077
94,76,11274.0252
95,76,8442.8644
96,76,11017.7208
97,76,8265.9275
98,76,10628.4512
99,76,8181.2952
100,76,10097.142
101,76,7896.5816
102,76,9659.1133
103,76,7547.2123
104,76,9407.3783
105,76,7265.0883
106,76,9130.4592
107,76,7125.9689
108,76,8660.1235
109,76,6624.6609
110,76,8265.4416
111,76,6290.3015
112,76,7989.6042
113,76,5920.8185
114,76,7792.3416
115,76,5758.7319
116,76,7558.3821
117,76,5583.4158
118,76,7112.0935
119,76,5147.738
120,76,6836.8446
121,76,4874
122,76,6592
123,76,4741
124,76,6351
125,76,4361
126,76,5762
127,76,2811
87,77,10244
88,77,12183
89,77,9782
90,77,11838
91,77,9665.1002
92,77,11498.5037
93,77,9160
94,77,11301
95,77,9038.6614
96,77,10960.4004
97,77,8588.7991
98,77,10679.8921
99,77,8558.7298
100,77,10236.82
101,77,8278.2073
102,77,9898.7236
103,77,7967.1286
104,77,9556.8234
105,77,7659.9654
106,77,9221.774
107,77,7480.0349
108,77,8796.0205
109,77,6908.1108
110,77,8448.3443
111,77,6866.8969
112,77,8176.0148
113,77,6375.2802
114,77,8026.5301
115,77,6198.1225
116,77,7771.9919
117,77,6066.7897
118,77,7231.86
119,77,5814.5215
120,77,6899.9192
121,77,5517
122,77,6760
123,77,5242
124,77,6342
125,77,4872
126,77,5801
127,77,3271
128,77,4101
88,78,12536
89,78,10042
90,78,12328
91,78,9525
92,78,11906
93,78,9238.6846
94,78,11711.4192
95,78,8901.4066
96,78,11452.1672
97,78,8462.3949
98,78,11296.5522
99,78,8507.8361
100,78,10698.3671
101,78,8341.9598
102,78,10233.066
103,78,8022.9401
104,78,9858.2413
105,78,7676.0944
106,78,9630.6078
107,78,7426.9756
108,78,9247.6215
109,78,6892.2322
110,78,9206.9261
111,78,6719.7538
112,78,8908.4165
113,78,6463.1505
114,78,8661.5073
115,78,6262.4697
116,78,8351.7426
117,78,6105.0949
118,78,7921.9778
119,78,5846.5546
120,78,7555.5613
121,78,5556
122,78,7281.7963
123,78,5212.8457
124,78,7022.7404
125,78,4889
126,78,6181
127,78,3271
128,78,4492
129,78,2970
130,78,4432
90,79,12390
91,79,9986
92,79,11930
93,79,9827.0255
94,79,11585.3243
95,79,9298
96,79,11417
97,79,9188.5985
98,79,11096.0874
99,79,8828.6107
100,79,10756.8609
101,79,8708.3926
102,79,10316.8116
103,79,8504.154
104,79,9958.8299
105,79,8198.5445
106,79,9610.7538
107,79,7928.0243
108,79,9385.2424
109,79,7413.8524
110,79,9281.9615
111,79,7322.8999
112,79,9035.6885
113,79,7045.5915
114,79,8703.9634
115,79,6878.4385
116,79,8426.4293
117,79,6642.9748
118,79,8072.3519
119,79,6512.3594
120,79,7584.2775
121,79,6217.6596
122,79,7231.9299
123,79,6023.5944
124,79,6861.7799
125,79,5318
126,79,6251
127,79,3691
128,79,4521
129,79,3341
130,79,4391
131,79,3161
91,80,10148
92,80,12472
93,80,9671
94,80,12051
95,80,9399.7437
96,80,11886.5139
97,80,9062.5022
98,80,11610.841
99,80,8688.896
100,80,11388.9076
101,80,8481.932
102,80,10987.0761
103,80,8299.0882
104,80,10611.4498
105,80,7910.1818
106,80,10426.7261
107,80,7650.7682
108,80,10151.1602
109,80,7499.345
110,80,9815.5649
111,80,7292.5419
112,80,9490.9503
113,80,7122.0021
114,80,9193.1048
115,80,6900.7081
116,80,8883.9201
117,80,6785.605
118,80,8485.4026
119,80,6663.0691
120,80,8028.5191
121,80,6230.5799
122,80,7754.0984
123,80,5995.2113
124,80,7492.263
125,80,5668.8888
126,80,6729.3271
127,80,3613.0362
128,80,4849.28
129,80,3416
130,80,4762
131,80,3161
132,80,4661
133,80,2891
134,80,4501
135,80,2732
136,80,4261
96,81,11996.1492
97,81,9344
98,81,11728
99,81,9192.1244
100,81,11479.629
101,81,8599.782
102,81,11331.3663
103,81,8367.4118
104,81,10945.7077
105,81,8196.5133
106,81,10632.9702
107,81,7963.1287
108,81,10351.0207
109,81,7821.4484
110,81,9988.0331
111,81,7660.616
112,81,9676.2878
113,81,7531.5972
114,81,9289.1123
115,81,7412.6245
116,81,8928.9414
117,81,7245.8493
118,81,8601.9621
119,81,7059.1483
120,81,8204.8694
121,81,6870.9586
122,81,7852.2081
123,81,6656.0787
124,81,7546.0504
125,81,6503.8094
126,81,6852.4608
127,81,3787.0025
128,81,4965.9901
129,81,3673.521
130,81,4902.3215
131,81,3544
132,81,4737
133,81,3391
134,81,4506
135,81,3231
136,81,4282
137,81,3021
97,82,9593.0809
98,82,12063.9949
99,82,9240.8804
100,82,11785.2436
101,82,8826.7695
102,82,11542.8964
103,82,8560.9432
104,82,11211.0039
105,82,8377.3759
106,82,10895.3873
107,82,8104.3129
108,82,10643.9057
109,82,7945.9547
110,82,10331.9204
111,82,7748.727
112,82,10049.9294
113,82,7601.4914
114,82,9681.5131
115,82,7468.4686
116,82,9393.3756
117,82,7235.61
118,82,9090.4412
119,82,7091.4931
120,82,8740.8934
121,82,6917.1926
122,82,8394.6504
123,82,6731.665
124,82,8086.6623
125,82,6737.7802
126,82,7367.8686
127,82,3937.3726
128,82,5185.1735
129,82,3835.901
130,82,5127.2356
131,82,3725.9863
132,82,5050.739
133,82,3546.0546
134,82,4904
135,82,3321
136,82,4702
137,82,3081
138,82,4561
102,83,11562
103,83,8981
104,83,11309.0961
105,83,8882.8431
106,83,10941.1815
107,83,8602.5599
108,83,10714.7638
109,83,8366.5038
110,83,10421.3446
111,83,8209.7745
112,83,10073.8648
113,83,8054.7839
114,83,9749.4812
115,83,7757.9735
116,83,9495.0835
117,83,7644.2753
118,83,9129.7503
119,83,7393.1664
120,83,8845.357
121,83,7192.3517
122,83,8490.9606
123,83,7033.9493
124,83,8097.6719
125,83,6886.9146
126,83,7459.7558
127,83,4604.6341
128,83,5138.5294
129,83,4330.1448
130,83,5185.0459
131,83,4040.4272
132,83,5241.2663
133,83,3826.6022
134,83,5215.3432
135,83,3585.2425
136,83,4968
137,83,3432
138,83,4831
139,83,3322
140,83,4781
141,83,3242
103,84,9349.0408
104,84,11439.5036
105,84,8948.936
106,84,11212.0306
107,84,8577.3408
108,84,11069.0708
109,84,8330.1367
110,84,10750.6329
111,84,8183.3556
112,84,10423.3948
113,84,7995.6651
114,84,10151.518
115,84,7836.8686
116,84,9774.1726
117,84,7650.8008
118,84,9491.7211
119,84,7440.5676
120,84,9101.5448
121,84,7251.671
122,84,8738.588
123,84,7028.3502
124,84,8394.8249
125,84,6968.1256
126,84,7658.3631
127,84,4550.7508
128,84,6008.234
129,84,4355.4284
130,84,5887.7716
131,84,4143.1164
132,84,5747.2116
133,84,3970.2015
134,84,5598.1188
135,84,3746.6091
136,84,5489.2164
137,84,3561.0236
138,84,5358.8072
139,84,3479
140,84,5240
141,84,3402
142,84,5103
143,84,3339
107,85,9009.4896
108,85,11064.383
109,85,8720.4846
110,85,10825.1275
111,85,8514.1938
112,85,10513.398
113,85,8424.8099
114,85,10185.9487
115,85,8235.8344
116,85,9872.8659
117,85,7876.983
118,85,9638.8188
119,85,7783.9625
120,85,9180.5855
121,85,7526.187
122,85,8859.4119
123,85,7313.7374
124,85,8485.19
125,85,7159.6442
126,85,7746.41
127,85,5052.2757
128,85,6022.6908
129,85,4870.948
130,85,5948.75
131,85,4558.0565
132,85,5933.398
133,85,4365.698
134,85,5775.5152
135,85,4091.5908
136,85,5664.3373
137,85,3901.019
138,85,5596.3382
139,85,3788.3082
140,85,5483
141,85,3711
142,85,5301
143,85,3622
144,85,5062
108,86,11389.6146
109,86,8745.6567
110,86,11146.4341
111,86,8536.1188
112,86,10812.0059
113,86,8400.845
114,86,10511.9259
115,86,8178.2764
116,86,10238.4659
117,86,7980.8023
118,86,9857.3888
119,86,7810.9668
120,86,9494.472
121,86,7573.1416
122,86,9091.9656
123,86,7356.9781
124,86,8735.0327
125,86,7221.8838
126,86,7975.2076
127,86,5108.0476
128,86,6695.0333
129,86,4920.644
130,86,6649.0156
131,86,4666.0643
132,86,6512.4708
133,86,4459.3941
134,86,6288.662
135,86,4211.9573
136,86,6170.7153
137,86,4053.5366
138,86,6015.9581
139,86,3982.2733
140,86,5858.2675
141,86,3932.6771
142,86,5713.6863
143,86,3952.3845
144,86,5264
145,86,3691
111,87,8747.5878
112,87,10877.6278
113,87,8709.1281
114,87,10616.3236
115,87,8558.3531
116,87,10296.4435
117,87,8340.4221
118,87,9988.4428
119,87,8008.3607
120,87,9673.4797
121,87,7887.2253
122,87,9188.5344
123,87,7632.682
124,87,8868.1244
125,87,7447.0018
126,87,8109.5193
127,87,5475.4457
128,87,6794.8535
129,87,5418.4334
130,87,6727.6772
131,87,5326.5408
132,87,6513.8192
133,87,5205.9252
134,87,6276.3989
135,87,4970.466
136,87,6067.0918
137,87,4705.033
138,87,5999.3305
139,87,4371.3805
140,87,5909.4124
141,87,4369.542
142,87,5787.2858
143,87,4252.8029
144,87,5477.5117
145,87,4079.0586
146,87,5224.1
114,88,10933.2349
115,88,8544.8873
116,88,10611.5514
117,88,8328.5624
118,88,10309.5579
119,88,8122.9433
120,88,9857.3723
121,88,7941.0114
122,88,9486.7198
123,88,7682.2867
124,88,9101.9506
125,88,7526.9981
126,88,8324.1349
127,88,5632.0637
128,88,7311.8466
129,88,5473.2485
130,88,7315.2974
131,88,5323.0217
132,88,7193.0796
133,88,5379.5324
134,88,6714.9899
135,88,5158.2782
136,88,6478.7305
137,88,4904.107
138,88,6396.7859
139,88,4561.43
140,88,6308.5876
141,88,4449.5495
142,88,6116.9749
143,88,4371.1358
144,88,5790.8509
145,88,4234.2115
146,88,5474.7506
147,88,3872
117,89,8693.2531
118,89,10409.8435
119,89,8456.6919
120,89,9987.2858
121,89,8152.1259
122,89,9691.9119
123,89,7915.2032
124,89,9229.8885
125,89,7779.0758
126,89,8474.0396
127,89,5952.1319
128,89,7518.7333
129,89,5922.7941
130,89,7352.6098
131,89,5897.1161
132,89,7284.0249
133,89,5980.5691
134,89,6868.0606
135,89,5662.2252
136,89,6668.1608
137,89,5399.4221
138,89,6531.0041
139,89,5026.179
140,89,6276.0358
141,89,4922.868
142,89,6146.8512
143,89,4679.748
144,89,5917.7037
145,89,4538.1609
146,89,5555.3525
147,89,4207.4805
148,89,5272
119,90,8364
120,90,10407
121,90,8254.4428
122,90,9836.828
123,90,8062.0967
124,90,9496.494
125,90,7844.8162
126,90,8694.2146
127,90,6164.0749
128,90,7910.3513
129,90,5975.285
130,90,7844.5604
131,90,5820.93
132,90,7808.205
133,90,5888.955
134,90,7461.1394
135,90,5756.7058
136,90,7183.8616
137,90,5464.2083
138,90,7105.1775
139,90,5256.7004
140,90,6794.3235
141,90,5118.0192
142,90,6440.4187
143,90,4786.3856
144,90,6190.0023
145,90,4666.5225
146,90,5833.8692
147,90,4371.4235
148,90,5501
149,90,4096
121,91,8527.021
122,91,10013.6467
123,91,8265.6176
124,91,9726.6755
125,91,8052.0568
126,91,8840.3684
127,91,6476.4981
128,91,8137.6627
129,91,6376.1443
130,91,7974.7783
131,91,6381.8941
132,91,7798.0646
133,91,6546.5814
134,91,7577.0291
135,91,6394.3584
136,91,7274.5471
137,91,5978.0899
138,91,7098.0687
139,91,5794.6232
140,91,6820.5232
141,91,5549.1072
142,91,6528.4564
143,91,5221.8585
144,91,6121.2873
145,91,5026.2638
146,91,5877.6495
147,91,4704.8984
148,91,5628
149,91,4398
150,91,5341
124,92,9894.2007
125,92,8167
126,92,9147
127,92,6670.0197
128,92,8354
129,92,6565
130,92,8318.4802
131,92,6298.8738
132,92,8373.9058
133,92,6442.0074
134,92,8114.5216
135,92,6355.082
136,92,7896.3508
137,92,6080.699
138,92,7666.9211
139,92,5880.3832
140,92,7267.8244
141,92,5761.6522
142,92,6845.4697
143,92,5297.4952
144,92,6545.5184
145,92,5125.7669
146,92,6153.719
147,92,4806.3822
148,92,5928.4888
149,92,4590
150,92,5649
151,92,4211
127,93,7033.2467
128,93,8636
129,93,6707
130,93,8687.3764
131,93,6697.6533
132,93,8485.4677
133,93,6872.5393
134,93,8309.1764
135,93,6825
136,93,8095
137,93,6636.0801
138,93,7684.2471
139,93,6336
140,93,7482
141,93,6065.0433
142,93,6983.0794
143,93,5736.2687
144,93,6577.8124
145,93,5488.32
146,93,6214.9108
147,93,5066.0939
148,93,6072.4315
149,93,4969.5572
150,93,5682
151,93,4637
152,93,5461
128,94,8941
129,94,7010
130,94,8912
131,94,7051
132,94,8742
133,94,6931
134,94,8733
135,94,6784.2032
136,94,8534.072
137,94,6694.9109
138,94,8018.9803
139,94,6380.3971
140,94,7773.1673
141,94,6238.958
142,94,7352.1562
143,94,5881.164
144,94,6999.8321
145,94,5646.2465
146,94,6534.2186
147,94,5241.522
148,94,6309.5572
149,94,5033.633
150,94,6019.8585
151,94,4699.1662
152,94,5854.7185
153,94,4256
129,95,7511
130,95,8941
131,95,7492
132,95,8861
133,95,7402
134,95,8741
135,95,7380
136,95,8533
137,95,7062
138,95,8206
139,95,6895
140,95,7908
141,95,6655
142,95,7542
143,95,6220
144,95,7102.3794
145,95,5951.5686
146,95,6647.0921
147,95,5537.64
148,95,6364.3262
149,95,5367.1883
150,95,6050.0363
151,95,4978
152,95,5912
153,95,4662
154,95,5530
136,96,9008
137,96,7111
138,96,8642.2466
139,96,6780
140,96,8232
141,96,6676.9869
142,96,7873.2662
143,96,6369.5591
144,96,7494.058
145,96,6093.7702
146,96,6969.389
147,96,5693.0815
148,96,6801.4186
149,96,5518.6292
150,96,6458.9303
151,96,5155.1245
152,96,6211.6758
153,96,4713.37
154,96,5832.4263
155,96,4412.9244
156,96,5663
137,97,7447
138,97,8697
139,97,7300
140,97,8403
141,97,7065
142,97,8038
143,97,6657
144,97,7755
145,97,6300
146,97,7134
147,97,6047.122
148,97,6971.3675
149,97,5918.1822
150,97,6548.7086
151,97,5429.7868
152,97,6356.0378
153,97,4965.6453
154,97,5795.3424
155,97,4765
156,97,5677
157,97,4607
140,98,8732
141,98,7147
142,98,8284
143,98,6733
144,98,8011
145,98,6468
146,98,7583
147,98,6164.2629
148,98,7366.2418
149,98,6052.1534
150,98,6942.7595
151,98,5586.5363
152,98,6623.7149
153,98,5106.6728
154,98,6171.6888
155,98,4804.3669
156,98,6031.4844
157,98,4603
158,98,5840
141,99,7476
142,99,8403
143,99,7163
144,99,8126
145,99,6792
146,99,7782
147,99,6567
148,99,7311.7269
149,99,6351
150,99,7196
151,99,6021
152,99,6785
153,99,5288.2548
154,99,6355.4422
155,99,5087.653
156,99,5976.2324
157,99,4976
158,99,5853
159,99,4773
142,100,8892
143,100,7155
144,100,8424
145,100,6843
146,100,8072
147,100,6590
148,100,7846
149,100,6449.9683
150,100,7518.268
151,100,6184.7026
152,100,7213.5157
153,100,5542.3801
154,100,6514.3453
155,100,5173.3741
156,100,6386.9869
157,100,4965.9772
158,100,6235
159,100,4793
160,100,6010
144,101,8344
145,101,7281
146,101,8251
147,101,7059
148,101,7838
149,101,6853.1295
150,101,7503.7096
151,101,6570.9488
152,101,7366
153,101,5792
154,101,6682
155,101,5457
156,101,6535
157,101,5373.4402
158,101,6198
159,101,5086
160,101,6043
161,101,4983
147,102,6973
148,102,8292
149,102,6788
150,102,8049
151,102,6583.9925
152,102,7706.7022
153,102,5982.696
154,102,7060.2061
155,102,5647.2996
156,102,6841
157,102,5469
158,102,6541
159,102,5226
160,102,6425
161,102,5043
162,102,6190
149,103,7364
150,103,8085
151,103,6948.9021
152,103,7769.8997
153,103,6272.0204
154,103,7153
155,103,5955
156,103,7002
157,103,5645
158,103,6791
159,103,5523
160,103,6508
161,103,5366
162,103,6213
163,103,4643
150,104,8512
151,104,6943
152,104,8179
153,104,6426.9219
154,104,7593.3689
155,104,6049
156,104,7290
157,104,5901
158,104,6997
159,104,5707
160,104,6753
161,104,5456
162,104,6625
163,104,4763
164,104,6040
151,105,7368
152,105,8215
153,105,6717.9007
154,105,7587.9997
155,105,6390
156,105,7436
157,105,6126
158,105,7214
159,105,5920
160,105,6951
161,105,5713
162,105,6798
163,105,5026
164,105,5983
165,105,4823
153,106,6848
154,106,8043
155,106,6613.809
156,106,7707.2502
157,106,6245
158,106,7484
159,106,6060
160,106,7248
161,106,5882
162,106,7078
163,106,5179
164,106,6333
165,106,4885
166,106,6168
167,106,4672
154,107,8115
155,107,6898.6091
156,107,7827
157,107,6610
158,107,7634
159,107,6362
160,107,7411
161,107,6130
162,107,7301
163,107,5319
164,107,6442
165,107,5143
166,107,6176
167,107,4993
168,107,6053
169,107,4901
170,107,5921
171,107,4801
156,108,8186
157,108,6734.2386
158,108,7831.8882
159,108,6553
160,108,7761
161,108,6546
162,108,7453
163,108,5492
164,108,6758
165,108,5309
166,108,6433
167,108,4985
168,108,6378
169,108,4882
170,108,6226
171,108,4792
172,108,6152
157,109,7023
158,109,7953
159,109,6711
160,109,7922
161,109,6662
162,109,7681
163,109,5690
164,109,6771
165,109,5604
166,109,6554
167,109,5525
168,109,6376
169,109,5313
170,109,6253
171,109,5147
172,109,6181
173,109,5016
158,110,8303
159,110,6885
160,110,8224.4052
161,110,6800
162,110,7941
163,110,5869
164,110,7159
165,110,5602
166,110,7198
167,110,5519
168,110,6913
169,110,5298
170,110,6775
171,110,5119
172,110,6554
173,110,5032
174,110,6441
162,111,7960
163,111,6344
164,111,7288
165,111,6080
166,111,7051
167,111,5958
168,111,6870
169,111,5907
170,111,6624
171,111,5663
172,111,6433
173,111,5481
174,111,6312
175,111,5291
165,112,6099
166,112,7562
167,112,5892
168,112,7438
169,112,5779
170,112,7193
171,112,5560
172,112,6993
173,112,5400
174,112,6708
175,112,5151
176,112,6511
166,113,7641
167,113,6291
168,113,7501
169,113,6153
170,113,7237
171,113,6044
172,113,6894
173,113,5883
174,113,6573
175,113,5557
176,113,6491
177,113,5306
171,114,5919
172,114,7398
173,114,5748
174,114,7083
175,114,5523
176,114,6806
177,114,5302
173,115,6154
174,115,7054
175,115,5963
176,115,6683
177,115,5651
174,116,7501
175,116,5855
176,116,7182
177,116,5636
175,117,6104
176,117,7264
177,117,6103
176,118,7553
177,118,6023
